"study_id","site_id","core_id","core_year","core_month","core_day","core_latitude","core_longitude","core_position_method","core_elevation_notes","salinity_class","vegetation_class","vegetation_method","vegetation_notes","inundation_class","inundation_notes","core_length_flag","depth_min","depth_max","dry_bulk_density","fraction_organic_matter","fraction_carbon","cs137_activity","cs137_activity_se","total_pb210_activity","total_pb210_activity_se","ra226_activity","ra226_activity_se","age","fraction_nitrogen","fraction_sand","fraction_silt","fraction_clay","Habitat_type"
"Carlin_et_al_2021","ELM1812","ELM1812-MFA1",2018,12,18,37.6157,-122.113933,"handheld","Mean site elevation is 1.65m (NAVD88)","mixoeuhaline",NA,"field observation","mudflat","low","site inundated twice daily, 2.4m tidal range","core depth limited by length of corer",0,1,0.423,0.2727,0.0271,3.76403737234615,0.656824521474403,56.63448,8.41577,15.19937,1.10803,2017.2,0.00455666666666667,0.06603,0.72684,0.20547,"mudflat"
"Carlin_et_al_2021","ELM1812","ELM1812-MFA1",2018,12,18,37.6157,-122.113933,"handheld","Mean site elevation is 1.65m (NAVD88)","mixoeuhaline",NA,"field observation","mudflat","low","site inundated twice daily, 2.4m tidal range","core depth limited by length of corer",1,2,0.3423,0.2,0.0237066666666667,2.10383592113144,0.486406864965588,46.98738,7.59111,12.28243,0.90153,2015.9,0.00381333333333333,0.32552,0.54448,0.12883,"mudflat"
"Carlin_et_al_2021","ELM1812","ELM1812-MFA1",2018,12,18,37.6157,-122.113933,"handheld","Mean site elevation is 1.65m (NAVD88)","mixoeuhaline",NA,"field observation","mudflat","low","site inundated twice daily, 2.4m tidal range","core depth limited by length of corer",2,3,0.3087,0.2174,0.0226433333333333,2.28816283997615,0.512090843586663,69.67201,8.70495,11.93978,0.911,2014.3,0.00361666666666667,0.24596,0.60228,0.15038,"mudflat"
"Carlin_et_al_2021","ELM1812","ELM1812-MFA1",2018,12,18,37.6157,-122.113933,"handheld","Mean site elevation is 1.65m (NAVD88)","mixoeuhaline",NA,"field observation","mudflat","low","site inundated twice daily, 2.4m tidal range","core depth limited by length of corer",3,4,0.3931,0.1667,0.0217266666666667,3.4348199360071,0.547510297799532,51.84629,7.48989,15.90602,0.97981,2012.7,0.0035,0.03851,0.76768,0.19205,"mudflat"
"Carlin_et_al_2021","ELM1812","ELM1812-MFA1",2018,12,18,37.6157,-122.113933,"handheld","Mean site elevation is 1.65m (NAVD88)","mixoeuhaline",NA,"field observation","mudflat","low","site inundated twice daily, 2.4m tidal range","core depth limited by length of corer",4,5,0.3262,0.3333,0.0202033333333333,3.05551570584753,0.533798593811563,58.41363,7.93458,15.11,0.97006,2010.9,0.00321,0.02178,0.75425,0.22219,"mudflat"
"Carlin_et_al_2021","ELM1812","ELM1812-MFA1",2018,12,18,37.6157,-122.113933,"handheld","Mean site elevation is 1.65m (NAVD88)","mixoeuhaline",NA,"field observation","mudflat","low","site inundated twice daily, 2.4m tidal range","core depth limited by length of corer",5,6,0.4611,0.12,0.0245166666666667,3.39286340473084,0.384072137415531,66.13036,6.35917,16.74134,0.70481,2008.5,0.00328,0.05187,0.75828,0.18813,"mudflat"
"Carlin_et_al_2021","ELM1812","ELM1812-MFA1",2018,12,18,37.6157,-122.113933,"handheld","Mean site elevation is 1.65m (NAVD88)","mixoeuhaline",NA,"field observation","mudflat","low","site inundated twice daily, 2.4m tidal range","core depth limited by length of corer",6,7,0.4886,0.153846153846151,0.0238733333333333,2.33868550711325,0.503285121130772,46.81263,7.26079,15.64959,0.96245,2006.2,0.00317,0.0527,0.75084,0.19476,"mudflat"
"Carlin_et_al_2021","ELM1812","ELM1812-MFA1",2018,12,18,37.6157,-122.113933,"handheld","Mean site elevation is 1.65m (NAVD88)","mixoeuhaline",NA,"field observation","mudflat","low","site inundated twice daily, 2.4m tidal range","core depth limited by length of corer",7,8,0.411,0.15909090909091,0.0249866666666667,3.92968811909609,0.512431330730131,71.9077,8.33118,18.19347,0.92787,2003.3,0.00324,0.00524,0.76565,0.22729,"mudflat"
"Carlin_et_al_2021","ELM1812","ELM1812-MFA1",2018,12,18,37.6157,-122.113933,"handheld","Mean site elevation is 1.65m (NAVD88)","mixoeuhaline",NA,"field observation","mudflat","low","site inundated twice daily, 2.4m tidal range","core depth limited by length of corer",8,9,0.4528,0.163265306122452,0.0268666666666667,4.1034573285128,0.544939133226499,68.32384,8.10946,14.79813,0.91304,1999.9,0.00339,0.04223,0.75182,0.20422,"mudflat"
"Carlin_et_al_2021","ELM1812","ELM1812-MFA1",2018,12,18,37.6157,-122.113933,"handheld","Mean site elevation is 1.65m (NAVD88)","mixoeuhaline",NA,"field observation","mudflat","low","site inundated twice daily, 2.4m tidal range","core depth limited by length of corer",9,10,0.3785,0.146341463414631,0.0283333333333333,5.57360271421394,0.594703409606628,64.29517,8.21615,14.59648,0.92396,1996.4,0.00353666666666667,0.00814,0.79725,0.1928,"mudflat"
"Carlin_et_al_2021","ELM1812","ELM1812-MFA1",2018,12,18,37.6157,-122.113933,"handheld","Mean site elevation is 1.65m (NAVD88)","mixoeuhaline",NA,"field observation","mudflat","low","site inundated twice daily, 2.4m tidal range","core depth limited by length of corer",10,11,0.4668,0.122448979591835,0.0275433333333333,4.72933632263842,0.414762795495389,69.15049,6.58218,16.00815,0.66754,1992.1,0.0033,0.01819,0.7639,0.2161,"mudflat"
"Carlin_et_al_2021","ELM1812","ELM1812-MFA1",2018,12,18,37.6157,-122.113933,"handheld","Mean site elevation is 1.65m (NAVD88)","mixoeuhaline",NA,"field observation","mudflat","low","site inundated twice daily, 2.4m tidal range","core depth limited by length of corer",11,12,0.6075,0.140625,0.02939,5.01221679728277,0.642064971731922,57.32957,7.28282,15.98914,0.99612,1987,0.00334333333333333,0.03867,0.76829,0.1914,"mudflat"
"Carlin_et_al_2021","ELM1812","ELM1812-MFA1",2018,12,18,37.6157,-122.113933,"handheld","Mean site elevation is 1.65m (NAVD88)","mixoeuhaline",NA,"field observation","mudflat","low","site inundated twice daily, 2.4m tidal range","core depth limited by length of corer",12,13,0.5324,0.125000000000001,0.0257066666666667,7.67974828062544,0.480752242367153,64.63723,6.42902,18.94845,0.72004,1980.9,0.00283666666666667,0.02912,0.78514,0.18419,"mudflat"
"Carlin_et_al_2021","ELM1812","ELM1812-MFA1",2018,12,18,37.6157,-122.113933,"handheld","Mean site elevation is 1.65m (NAVD88)","mixoeuhaline",NA,"field observation","mudflat","low","site inundated twice daily, 2.4m tidal range","core depth limited by length of corer",13,14,0.6182,0.138461538461538,0.0239633333333333,8.14102434327624,0.613833235483028,56.50702,7.67404,17.65907,0.90944,1973.6,0.00266666666666667,0.0303,0.77163,0.19647,"mudflat"
"Carlin_et_al_2021","ELM1812","ELM1812-MFA1",2018,12,18,37.6157,-122.113933,"handheld","Mean site elevation is 1.65m (NAVD88)","mixoeuhaline",NA,"field observation","mudflat","low","site inundated twice daily, 2.4m tidal range","core depth limited by length of corer",14,15,0.5436,0.140350877192979,0.02275,6.1665426587745,0.55375553075795,61.71644,7.89088,17.18813,0.92816,1965.1,0.00257,0.03279,0.77762,0.18799,"mudflat"
"Carlin_et_al_2021","ELM1812","ELM1812-MFA1",2018,12,18,37.6157,-122.113933,"handheld","Mean site elevation is 1.65m (NAVD88)","mixoeuhaline",NA,"field observation","mudflat","low","site inundated twice daily, 2.4m tidal range","core depth limited by length of corer",15,16,0.5494,0.155172413793103,0.0220533333333333,4.5083651667226,0.522970359339822,56.09385,7.89314,18.65562,0.8992,1955.7,0.00228666666666667,0.02823,0.78749,0.18268,"mudflat"
"Carlin_et_al_2021","ELM1812","ELM1812-MFA1",2018,12,18,37.6157,-122.113933,"handheld","Mean site elevation is 1.65m (NAVD88)","mixoeuhaline",NA,"field observation","mudflat","low","site inundated twice daily, 2.4m tidal range","core depth limited by length of corer",16,17,0.7363,0.129870129870132,0.0188733333333333,1.59364470529903,0.396658167148929,53.76283,7.43514,20.71143,0.96308,1945.2,0.00205666666666667,0.05671,0.56446,0.37762,"mudflat"
"Carlin_et_al_2021","ELM1812","ELM1812-MFA1",2018,12,18,37.6157,-122.113933,"handheld","Mean site elevation is 1.65m (NAVD88)","mixoeuhaline",NA,"field observation","mudflat","low","site inundated twice daily, 2.4m tidal range","core depth limited by length of corer",17,18,0.8227,0.126436781609195,0.01808,1.2823256477685,0.367642763215229,33.36741,6.41909,23.32097,0.95383,1935.6,0.00188,0.03339,0.7469,0.21805,"mudflat"
"Carlin_et_al_2021","ELM1812","ELM1812-MFA1",2018,12,18,37.6157,-122.113933,"handheld","Mean site elevation is 1.65m (NAVD88)","mixoeuhaline",NA,"field observation","mudflat","low","site inundated twice daily, 2.4m tidal range","core depth limited by length of corer",18,19,0.96,0.120000000000001,0.0158633333333333,0.537613373487174,0.195960074636075,46.74257,5.35156,24.18434,0.73279,1925.2,0.00155,0.01227,0.74064,0.24535,"mudflat"
"Carlin_et_al_2021","ELM1812","ELM1812-MFA1",2018,12,18,37.6157,-122.113933,"handheld","Mean site elevation is 1.65m (NAVD88)","mixoeuhaline",NA,"field observation","mudflat","low","site inundated twice daily, 2.4m tidal range","core depth limited by length of corer",19,20,0.6666,0.128571428571429,0.0153933333333333,1.19263290587576,0.3331023706111,30.51936,5.96638,22.43025,0.95553,1915.9,0.00148333333333333,0.02543,0.74457,0.2283,"mudflat"
"Carlin_et_al_2021","ELM1812","ELM1812-MFA1",2018,12,18,37.6157,-122.113933,"handheld","Mean site elevation is 1.65m (NAVD88)","mixoeuhaline",NA,"field observation","mudflat","low","site inundated twice daily, 2.4m tidal range","core depth limited by length of corer",20,21,1.0007,0.123809523809523,0.01403,0.728786260270942,0.2375114422223,29.67309,6.00612,24.15824,0.96875,1907,0.00128333333333333,0.01814,0.57307,0.40751,"mudflat"
"Carlin_et_al_2021","ELM1812","ELM1812-MFA1",2018,12,18,37.6157,-122.113933,"handheld","Mean site elevation is 1.65m (NAVD88)","mixoeuhaline",NA,"field observation","mudflat","low","site inundated twice daily, 2.4m tidal range","core depth limited by length of corer",21,22,0.9172,0.135416666666666,0.0130666666666667,0.223488716261668,0.153357957098757,20.20504,5.03785,26.11243,0.97922,1898,0.00115,0.03538,0.63934,0.3239,"mudflat"
"Carlin_et_al_2021","ELM1812","ELM1812-MFA1",2018,12,18,37.6157,-122.113933,"handheld","Mean site elevation is 1.65m (NAVD88)","mixoeuhaline",NA,"field observation","mudflat","low","site inundated twice daily, 2.4m tidal range","core depth limited by length of corer",22,23,0.9617,0.121212121212119,0.0119866666666667,NA,NA,43.39505,5.26459,22.56271,0.71749,1888.5,0.000996666666666667,0.03121,0.76342,0.20373,"mudflat"
"Carlin_et_al_2021","ELM1812","ELM1812-MFA1",2018,12,18,37.6157,-122.113933,"handheld","Mean site elevation is 1.65m (NAVD88)","mixoeuhaline",NA,"field observation","mudflat","low","site inundated twice daily, 2.4m tidal range","core depth limited by length of corer",23,24,1.0279,0.12962962962963,0.01191,NA,NA,30.75256,3.54595,21.83791,0.51319,1878.7,0.00103,0.0365,0.74501,0.21684,"mudflat"
"Carlin_et_al_2021","ELM1812","ELM1812-MFA1",2018,12,18,37.6157,-122.113933,"handheld","Mean site elevation is 1.65m (NAVD88)","mixoeuhaline",NA,"field observation","mudflat","low","site inundated twice daily, 2.4m tidal range","core depth limited by length of corer",24,25,0.9618,0.118811881188117,0.0123333333333333,NA,NA,21.96902,5.16277,23.87487,0.94544,1868.6,0.00105,0.01694,0.79775,0.18368,"mudflat"
"Carlin_et_al_2021","ELM1812","ELM1812-MFA1",2018,12,18,37.6157,-122.113933,"handheld","Mean site elevation is 1.65m (NAVD88)","mixoeuhaline",NA,"field observation","mudflat","low","site inundated twice daily, 2.4m tidal range","core depth limited by length of corer",25,26,1.035,0.112149532710281,0.0110833333333333,NA,NA,30.38235,5.85053,19.95761,0.87813,1858.6,0.00095,0.00603,0.82311,0.16925,"mudflat"
"Carlin_et_al_2021","ELM1812","ELM1812-MFA1",2018,12,18,37.6157,-122.113933,"handheld","Mean site elevation is 1.65m (NAVD88)","mixoeuhaline",NA,"field observation","mudflat","low","site inundated twice daily, 2.4m tidal range","core depth limited by length of corer",26,27,1.0593,0.11818181818182,0.01035,NA,NA,19.80886,3.81296,20.07834,0.67062,1848.4,0.00088,0.0126,0.81365,0.17209,"mudflat"
"Carlin_et_al_2021","ELM1812","ELM1812-MFA1",2018,12,18,37.6157,-122.113933,"handheld","Mean site elevation is 1.65m (NAVD88)","mixoeuhaline",NA,"field observation","mudflat","low","site inundated twice daily, 2.4m tidal range","core depth limited by length of corer",27,28,0.9698,NA,0.0106366666666667,NA,NA,33.41622,5.5744,20.54031,0.82572,1838.7,0.000886666666666667,0.00748,0.80556,0.1853,"mudflat"
"Carlin_et_al_2021","ELM1812","ELM1812-MFA1",2018,12,18,37.6157,-122.113933,"handheld","Mean site elevation is 1.65m (NAVD88)","mixoeuhaline",NA,"field observation","mudflat","low","site inundated twice daily, 2.4m tidal range","core depth limited by length of corer",28,29,1.0235,0.121495327102803,0.0111633333333333,NA,NA,22.49012,5.09731,18.45865,0.85279,1828.4,0.000886666666666667,0.00712,0.78924,0.20192,"mudflat"
"Carlin_et_al_2021","ELM1812","ELM1812-MFA1",2018,12,18,37.6157,-122.113933,"handheld","Mean site elevation is 1.65m (NAVD88)","mixoeuhaline",NA,"field observation","mudflat","low","site inundated twice daily, 2.4m tidal range","core depth limited by length of corer",29,30,0.9473,0.129999999999999,0.0109033333333333,NA,NA,38.54181,6.5491,20.98057,0.87279,1818.4,0.00103,0.04325,0.74942,0.20565,"mudflat"
"Carlin_et_al_2021","ELM1812","ELM1812-MFA1",2018,12,18,37.6157,-122.113933,"handheld","Mean site elevation is 1.65m (NAVD88)","mixoeuhaline",NA,"field observation","mudflat","low","site inundated twice daily, 2.4m tidal range","core depth limited by length of corer",30,31,0.9083,0.125000000000001,0.01103,NA,NA,25.2217,5.46399,19.66163,1.83836,1808.3,0.000963333333333333,0.03165,0.73807,0.22845,"mudflat"
"Carlin_et_al_2021","ELM1812","ELM1812-MFA1",2018,12,18,37.6157,-122.113933,"handheld","Mean site elevation is 1.65m (NAVD88)","mixoeuhaline",NA,"field observation","mudflat","low","site inundated twice daily, 2.4m tidal range","core depth limited by length of corer",31,32,0.9359,0.140000000000001,0.0117066666666667,NA,NA,30.1835,5.72552,19.87398,0.85856,1798.2,0.00119333333333333,0.02783,0.71588,0.2544,"mudflat"
"Carlin_et_al_2021","ELM1812","ELM1812-MFA1",2018,12,18,37.6157,-122.113933,"handheld","Mean site elevation is 1.65m (NAVD88)","mixoeuhaline",NA,"field observation","mudflat","low","site inundated twice daily, 2.4m tidal range","core depth limited by length of corer",32,33,1.1198,0.151260504201681,0.0147933333333333,NA,NA,42.24954,5.4349,25.06667,0.72443,1788.3,0.00136333333333333,0.03686,0.67377,0.28741,"mudflat"
"Carlin_et_al_2021","ELM1812","ELM1812-MFA1",2018,12,18,37.6157,-122.113933,"handheld","Mean site elevation is 1.65m (NAVD88)","mixoeuhaline",NA,"field observation","mudflat","low","site inundated twice daily, 2.4m tidal range","core depth limited by length of corer",33,34,1.0859,0.12280701754386,0.01593,NA,NA,45.75347,4.51435,35.59472,0.62291,1778.2,0.00138333333333333,0.07964,0.72291,0.19572,"mudflat"
"Carlin_et_al_2021","ELM1812","ELM1812-MFA1",2018,12,18,37.6157,-122.113933,"handheld","Mean site elevation is 1.65m (NAVD88)","mixoeuhaline",NA,"field observation","mudflat","low","site inundated twice daily, 2.4m tidal range","core depth limited by length of corer",34,35,0.9012,0.135416666666666,0.0230366666666667,NA,NA,45.41301,6.27825,27.42097,0.87747,1768.1,0.00195666666666667,0.00556,0.80555,0.18703,"mudflat"
"Carlin_et_al_2021","ELM1812","ELM1812-PWA1",2018,12,18,37.615583,-122.11405,"handheld","Mean site elevation is 1.65m (NAVD88)","mixoeuhaline","emergent","field observation","pickleweed-dominated","mid","site inundated twice daily, 2.4m tidal range","core depth limited by length of corer",0,1,0.4168,0.3103,0.04391,5.29828918537449,0.567976600672146,73.0530067089865,8.56116840629849,20.9107119833333,1.00789631666667,2017.3,0.00610666666666667,0.0375,0.72669,0.23395,"marsh"
"Carlin_et_al_2021","ELM1812","ELM1812-PWA1",2018,12,18,37.615583,-122.11405,"handheld","Mean site elevation is 1.65m (NAVD88)","mixoeuhaline","emergent","field observation","pickleweed-dominated","mid","site inundated twice daily, 2.4m tidal range","core depth limited by length of corer",1,2,0.431,0.1739,0.0353633333333333,4.19564479670188,0.516064309994332,68.1334036362344,7.78991833212203,17.9181541333333,0.869030483333333,2015.7,0.00454333333333333,0.02495,0.72786,0.24531,"marsh"
"Carlin_et_al_2021","ELM1812","ELM1812-PWA1",2018,12,18,37.615583,-122.11405,"handheld","Mean site elevation is 1.65m (NAVD88)","mixoeuhaline","emergent","field observation","pickleweed-dominated","mid","site inundated twice daily, 2.4m tidal range","core depth limited by length of corer",2,3,0.4598,0.2963,0.0306733333333333,3.27584966663326,0.425860456662323,74.1121870731917,6.83758566080561,20.3628889833333,0.8084067,2013.6,0.00394333333333333,0.02338,0.73136,0.24337,"marsh"
"Carlin_et_al_2021","ELM1812","ELM1812-PWA1",2018,12,18,37.615583,-122.11405,"handheld","Mean site elevation is 1.65m (NAVD88)","mixoeuhaline","emergent","field observation","pickleweed-dominated","mid","site inundated twice daily, 2.4m tidal range","core depth limited by length of corer",3,4,0.4887,0.2353,0.02572,3.35412860020682,0.51150461153154,100.931750170996,9.39872087668451,19.2024119,0.940918183333333,2010.8,0.00328333333333333,0.01965,0.76221,0.21632,"marsh"
"Carlin_et_al_2021","ELM1812","ELM1812-PWA1",2018,12,18,37.615583,-122.11405,"handheld","Mean site elevation is 1.65m (NAVD88)","mixoeuhaline","emergent","field observation","pickleweed-dominated","mid","site inundated twice daily, 2.4m tidal range","core depth limited by length of corer",4,5,0.5418,0.2308,0.0240066666666667,2.6550476447614,0.48905977616505,56.3188453135356,7.414290546684,18.9938766,0.902209133333333,2008.5,0.00301,0.05149,0.76165,0.18522,"marsh"
"Carlin_et_al_2021","ELM1812","ELM1812-PWA1",2018,12,18,37.615583,-122.11405,"handheld","Mean site elevation is 1.65m (NAVD88)","mixoeuhaline","emergent","field observation","pickleweed-dominated","mid","site inundated twice daily, 2.4m tidal range","core depth limited by length of corer",5,6,0.6091,0.142857142857143,0.0361766666666667,1.50259835070051,0.38421439827412,66.5630623942322,7.64437803813501,15.5843233,0.810384816666667,2005.7,0.00323,0.02362,0.79685,0.17791,"marsh"
"Carlin_et_al_2021","ELM1812","ELM1812-PWA1",2018,12,18,37.615583,-122.11405,"handheld","Mean site elevation is 1.65m (NAVD88)","mixoeuhaline","emergent","field observation","pickleweed-dominated","mid","site inundated twice daily, 2.4m tidal range","core depth limited by length of corer",6,7,0.6738,0.169014084507043,0.0354733333333333,3.41009844283923,0.476731762308925,59.4105588943057,7.45652955097471,14.5934573166667,0.85663595,2002.7,0.00315333333333333,0.01959,0.80105,0.17769,"marsh"
"Carlin_et_al_2021","ELM1812","ELM1812-PWA1",2018,12,18,37.615583,-122.11405,"handheld","Mean site elevation is 1.65m (NAVD88)","mixoeuhaline","emergent","field observation","pickleweed-dominated","mid","site inundated twice daily, 2.4m tidal range","core depth limited by length of corer",7,8,0.6258,0.145161290322581,0.03506,2.71322699515626,0.461791234575596,59.4470712516955,7.47386860612637,18.0224809166667,0.881299316666667,1999.4,0.00305333333333333,0.02565,0.81247,0.16028,"marsh"
"Carlin_et_al_2021","ELM1812","ELM1812-PWA1",2018,12,18,37.615583,-122.11405,"handheld","Mean site elevation is 1.65m (NAVD88)","mixoeuhaline","emergent","field observation","pickleweed-dominated","mid","site inundated twice daily, 2.4m tidal range","core depth limited by length of corer",8,9,0.6079,0.156250000000002,0.0351,3.90228800537185,0.506516983097266,65.1907171265449,7.78255228566144,14.7335495833333,0.8339189,1995.8,0.00306666666666667,0.02251,0.80144,0.17443,"marsh"
"Carlin_et_al_2021","ELM1812","ELM1812-PWA1",2018,12,18,37.615583,-122.11405,"handheld","Mean site elevation is 1.65m (NAVD88)","mixoeuhaline","emergent","field observation","pickleweed-dominated","mid","site inundated twice daily, 2.4m tidal range","core depth limited by length of corer",9,10,0.6056,0.158730158730156,0.0382333333333333,3.58258700840002,0.442807754238242,47.5157068047995,6.81693303522459,15.8741978333333,0.80640925,1992.2,0.00307333333333333,0.0307,0.8176,0.15017,"marsh"
"Carlin_et_al_2021","ELM1812","ELM1812-PWA1",2018,12,18,37.615583,-122.11405,"handheld","Mean site elevation is 1.65m (NAVD88)","mixoeuhaline","emergent","field observation","pickleweed-dominated","mid","site inundated twice daily, 2.4m tidal range","core depth limited by length of corer",10,11,0.6711,0.140845070422537,0.0358533333333333,2.24485134551295,0.340768434248866,69.568505565038,6.07214049969362,17.0936161166667,0.656394866666667,1987.4,0.00292,0.02754,0.80822,0.16267,"marsh"
"Carlin_et_al_2021","ELM1812","ELM1812-PWA1",2018,12,18,37.615583,-122.11405,"handheld","Mean site elevation is 1.65m (NAVD88)","mixoeuhaline","emergent","field observation","pickleweed-dominated","mid","site inundated twice daily, 2.4m tidal range","core depth limited by length of corer",11,12,0.6973,0.152777777777777,0.0354466666666667,3.42788787463653,0.469620638825204,59.8078337485857,7.20656691001517,18.5605491833333,0.883482133333333,1982,0.00282666666666667,0.0225,0.82342,0.15252,"marsh"
"Carlin_et_al_2021","ELM1812","ELM1812-PWA1",2018,12,18,37.615583,-122.11405,"handheld","Mean site elevation is 1.65m (NAVD88)","mixoeuhaline","emergent","field observation","pickleweed-dominated","mid","site inundated twice daily, 2.4m tidal range","core depth limited by length of corer",12,13,0.7178,0.135135135135133,0.0322166666666667,2.0511649686506,0.429308827938572,56.1005124364244,7.17828236617193,16.4478650666667,0.87173685,1976.3,0.00257666666666667,0.02488,0.8148,0.15877,"marsh"
"Carlin_et_al_2021","ELM1812","ELM1812-PWA1",2018,12,18,37.615583,-122.11405,"handheld","Mean site elevation is 1.65m (NAVD88)","mixoeuhaline","emergent","field observation","pickleweed-dominated","mid","site inundated twice daily, 2.4m tidal range","core depth limited by length of corer",13,14,0.693,0.138888888888891,0.03034,2.40112135930983,0.314306785933657,46.4902013857961,5.35409263275595,18.6884630333333,0.665309283333333,1971.2,0.00241666666666667,0.02696,0.81141,0.16008,"marsh"
"Carlin_et_al_2021","ELM1812","ELM1812-PWA1",2018,12,18,37.615583,-122.11405,"handheld","Mean site elevation is 1.65m (NAVD88)","mixoeuhaline","emergent","field observation","pickleweed-dominated","mid","site inundated twice daily, 2.4m tidal range","core depth limited by length of corer",14,15,0.9172,0.145833333333334,0.0265976168526051,1.54563527192184,0.381926475691886,41.1964684821233,6.7117773228988,20.27128,0.881800683333333,1965.6,0.0020469331,0.03397,0.81949,0.14503,"marsh"
"Carlin_et_al_2021","ELM1812","ELM1812-PWA1",2018,12,18,37.615583,-122.11405,"handheld","Mean site elevation is 1.65m (NAVD88)","mixoeuhaline","emergent","field observation","pickleweed-dominated","mid","site inundated twice daily, 2.4m tidal range","core depth limited by length of corer",15,16,0.8296,0.149425287356321,0.027945221313294,1.19973757836715,0.361360958604186,40.0300010418311,6.70914526731305,21.1644068833333,0.9100695,1959.4,0.00214938963333333,0.01534,0.82882,0.15427,"marsh"
"Carlin_et_al_2021","ELM1812","ELM1812-PWA1",2018,12,18,37.615583,-122.11405,"handheld","Mean site elevation is 1.65m (NAVD88)","mixoeuhaline","emergent","field observation","pickleweed-dominated","mid","site inundated twice daily, 2.4m tidal range","core depth limited by length of corer",16,17,0.9497,0.131313131313131,0.0206435860928639,0,0,46.3526107242115,6.68744524919868,20.0867121,0.891850016666667,1951.9,0.0015296336,0.01774,0.81741,0.1633,"marsh"
"Carlin_et_al_2021","ELM1812","ELM1812-PWA1",2018,12,18,37.615583,-122.11405,"handheld","Mean site elevation is 1.65m (NAVD88)","mixoeuhaline","emergent","field observation","pickleweed-dominated","mid","site inundated twice daily, 2.4m tidal range","core depth limited by length of corer",17,18,0.9684,0.137254901960785,0.0180188504424176,0.866648506243957,0.296740448537931,42.2025585249515,6.66361950623452,20.3994863666667,0.866978166666667,1944.2,0.00122775623333333,0.01945,0.79091,0.188,"marsh"
"Carlin_et_al_2021","ELM1812","ELM1812-PWA1",2018,12,18,37.615583,-122.11405,"handheld","Mean site elevation is 1.65m (NAVD88)","mixoeuhaline","emergent","field observation","pickleweed-dominated","mid","site inundated twice daily, 2.4m tidal range","core depth limited by length of corer",18,19,1.0261,0.130841121495328,0.0185166666666667,0.701279242374662,0.275462486404767,26.7450287439834,5.74230304173234,21.9147988166667,0.902889716666667,1936.9,0.00143333333333333,0.01855,0.80474,0.17511,"marsh"
"Carlin_et_al_2021","ELM1812","ELM1812-PWA1",2018,12,18,37.615583,-122.11405,"handheld","Mean site elevation is 1.65m (NAVD88)","mixoeuhaline","emergent","field observation","pickleweed-dominated","mid","site inundated twice daily, 2.4m tidal range","core depth limited by length of corer",19,20,0.9397,0.141414141414142,0.0208666666666667,0.28328379735934,0.169771979757452,35.0332560916729,6.1940003893689,20.67322375,0.8682754,1928.9,0.00155,0.01789,0.77805,0.20239,"marsh"
"Carlin_et_al_2021","ELM1812","ELM1812-PWA1",2018,12,18,37.615583,-122.11405,"handheld","Mean site elevation is 1.65m (NAVD88)","mixoeuhaline","emergent","field observation","pickleweed-dominated","mid","site inundated twice daily, 2.4m tidal range","core depth limited by length of corer",20,21,0.9236,0.145833333333331,0.0204266666666667,NA,NA,32.5006404482683,5.98274812573702,20.1251109,0.901604966666667,1920.6,0.00135,0.0329,0.79298,0.17254,"marsh"
"Carlin_et_al_2021","ELM1812","ELM1812-PWA1",2018,12,18,37.615583,-122.11405,"handheld","Mean site elevation is 1.65m (NAVD88)","mixoeuhaline","emergent","field observation","pickleweed-dominated","mid","site inundated twice daily, 2.4m tidal range","core depth limited by length of corer",21,22,0.9108,0.147368421052632,0.01836,NA,NA,28.5534702826397,5.65439891482739,19.895944,0.87144235,1912.3,0.00118,0.03688,0.7847,0.17689,"marsh"
"Carlin_et_al_2021","ELM1812","ELM1812-PWA1",2018,12,18,37.615583,-122.11405,"handheld","Mean site elevation is 1.65m (NAVD88)","mixoeuhaline","emergent","field observation","pickleweed-dominated","mid","site inundated twice daily, 2.4m tidal range","core depth limited by length of corer",22,23,1.044,0.128440366972478,0.0202333333333333,NA,NA,31.6308941110542,5.99086189847459,21.5319558333333,0.90218895,1903.7,0.00122666666666667,0.02004,0.80912,0.16928,"marsh"
"Carlin_et_al_2021","ELM1812","ELM1812-PWA1",2018,12,18,37.615583,-122.11405,"handheld","Mean site elevation is 1.65m (NAVD88)","mixoeuhaline","emergent","field observation","pickleweed-dominated","mid","site inundated twice daily, 2.4m tidal range","core depth limited by length of corer",23,24,1.1353,0.126050420168069,0.0182666666666667,NA,NA,36.3190858882924,6.1837246982196,23.0034955166667,0.876433183333333,1894.5,0.00120666666666667,0.0255,0.81864,0.15438,"marsh"
"Carlin_et_al_2021","ELM1812","ELM1812-PWA1",2018,12,18,37.615583,-122.11405,"handheld","Mean site elevation is 1.65m (NAVD88)","mixoeuhaline","emergent","field observation","pickleweed-dominated","mid","site inundated twice daily, 2.4m tidal range","core depth limited by length of corer",24,25,1.015,0.114285714285715,0.01879,NA,NA,39.7828702515647,6.3424990903795,22.9850968,0.919403866666667,1884.9,0.0013,0.03949,0.79979,0.1592,"marsh"
"Carlin_et_al_2021","ELM1812","ELM1812-PWA1",2018,12,18,37.615583,-122.11405,"handheld","Mean site elevation is 1.65m (NAVD88)","mixoeuhaline","emergent","field observation","pickleweed-dominated","mid","site inundated twice daily, 2.4m tidal range","core depth limited by length of corer",25,26,0.9126,0.154639175257731,0.0291733333333333,NA,NA,53.9315157622283,7.20807256670714,26.0239057166667,0.960282116666667,1875,0.00205,0.02509,0.80258,0.17074,"marsh"
"Carlin_et_al_2021","ELM1812","ELM1812-PWA1",2018,12,18,37.615583,-122.11405,"handheld","Mean site elevation is 1.65m (NAVD88)","mixoeuhaline","emergent","field observation","pickleweed-dominated","mid","site inundated twice daily, 2.4m tidal range","core depth limited by length of corer",26,27,0.8839,0.148936170212766,0.0273066666666667,NA,NA,41.2987270145475,6.65425611907626,23.77902405,0.93927145,1864.5,0.00166666666666667,0.01873,0.80477,0.17489,"marsh"
"Carlin_et_al_2021","ELM1812","ELM1812-PWA1",2018,12,18,37.615583,-122.11405,"handheld","Mean site elevation is 1.65m (NAVD88)","mixoeuhaline","emergent","field observation","pickleweed-dominated","mid","site inundated twice daily, 2.4m tidal range","core depth limited by length of corer",27,28,1.0193,0.122641509433961,0.0153666666666667,NA,NA,34.2409098162246,4.80576466939171,21.8605941333333,0.688608716666667,1854.2,0.000816666666666667,0.03069,0.7964,0.17136,"marsh"
"Carlin_et_al_2021","ELM1812","ELM1812-PWA1",2018,12,18,37.615583,-122.11405,"handheld","Mean site elevation is 1.65m (NAVD88)","mixoeuhaline","emergent","field observation","pickleweed-dominated","mid","site inundated twice daily, 2.4m tidal range","core depth limited by length of corer",28,29,1.1474,0.0862068965517254,0.01292,NA,NA,34.5461459507328,5.70243737046025,22.30573695,0.86100145,1843.8,0.000763333333333334,0.0297,0.81386,0.15493,"marsh"
"Carlin_et_al_2021","ELM1812","ELM1812-PWA1",2018,12,18,37.615583,-122.11405,"handheld","Mean site elevation is 1.65m (NAVD88)","mixoeuhaline","emergent","field observation","pickleweed-dominated","mid","site inundated twice daily, 2.4m tidal range","core depth limited by length of corer",29,30,1.139,0.0932203389830504,0.01214,NA,NA,38.0149938791439,5.67186048552662,20.2722915,0.780483216666667,1833,0.000746666666666667,0.02504,0.80917,0.16425,"marsh"
"Carlin_et_al_2021","ELM1812","ELM1812-PWA1",2018,12,18,37.615583,-122.11405,"handheld","Mean site elevation is 1.65m (NAVD88)","mixoeuhaline","emergent","field observation","pickleweed-dominated","mid","site inundated twice daily, 2.4m tidal range","core depth limited by length of corer",30,31,1.16,0.107438016528928,0.0116533333333333,NA,NA,15.6163115357685,4.42296554425398,20.80262645,0.834185316666667,1822.9,0.000746666666666667,0.02871,0.80028,0.16943,"marsh"
"Carlin_et_al_2021","ELM1812","ELM1812-PWA1",2018,12,18,37.615583,-122.11405,"handheld","Mean site elevation is 1.65m (NAVD88)","mixoeuhaline","emergent","field observation","pickleweed-dominated","mid","site inundated twice daily, 2.4m tidal range","core depth limited by length of corer",31,32,1.1689,0.0833333333333316,0.0111,NA,NA,31.3660249438725,3.61087137709706,20.1047992833333,0.502619983333333,1813.2,0.000733333333333333,0.01895,0.78973,0.18966,"marsh"
"Carlin_et_al_2021","ELM1812","ELM1812-SPA2",2018,12,18,37.615667,-122.113967,"handheld","Mean site elevation is 1.65m (NAVD88)","mixoeuhaline","emergent","field observation","cordgrass-dominated","low","site inundated twice daily, 2.4m tidal range","core depth limited by length of corer",0,1,0.4913,0.1563,0.0423733333333333,1.36338767602902,0.299672611191178,66.2336423621468,5.81743117600348,17.5942262333333,0.643948683333333,2017.7,0.00469666666666667,0.02519,0.79742,0.17557,"marsh"
"Carlin_et_al_2021","ELM1812","ELM1812-SPA2",2018,12,18,37.615667,-122.113967,"handheld","Mean site elevation is 1.65m (NAVD88)","mixoeuhaline","emergent","field observation","cordgrass-dominated","low","site inundated twice daily, 2.4m tidal range","core depth limited by length of corer",1,2,0.4564,0.2174,0.0228433333333333,4.14323210164009,0.54980689988764,60.9284234651791,8.19655962146657,18.6300974833333,1.00416225,2016.5,0.00301,0.05686,0.73752,0.20376,"marsh"
"Carlin_et_al_2021","ELM1812","ELM1812-SPA2",2018,12,18,37.615667,-122.113967,"handheld","Mean site elevation is 1.65m (NAVD88)","mixoeuhaline","emergent","field observation","cordgrass-dominated","low","site inundated twice daily, 2.4m tidal range","core depth limited by length of corer",2,3,0.5085,0.1212,0.0207166666666667,4.12136472437854,0.542783734200654,81.7109555082308,8.90655594881641,20.8172355166667,0.9992273,2014.8,0.0029,0.05617,0.75039,0.19159,"marsh"
"Carlin_et_al_2021","ELM1812","ELM1812-SPA2",2018,12,18,37.615667,-122.113967,"handheld","Mean site elevation is 1.65m (NAVD88)","mixoeuhaline","emergent","field observation","cordgrass-dominated","low","site inundated twice daily, 2.4m tidal range","core depth limited by length of corer",3,4,0.5338,0.1622,0.02082,3.96103270759473,0.521271904319467,65.018932490178,7.75366550334592,17.3869585833333,0.916292716666667,2013.3,0.00259666666666667,0.04248,0.75257,0.20306,"marsh"
"Carlin_et_al_2021","ELM1812","ELM1812-SPA2",2018,12,18,37.615667,-122.113967,"handheld","Mean site elevation is 1.65m (NAVD88)","mixoeuhaline","emergent","field observation","cordgrass-dominated","low","site inundated twice daily, 2.4m tidal range","core depth limited by length of corer",4,5,0.5067,0.175,0.0181533333333333,5.07983646180298,0.51204751534974,65.2254993575187,7.93182899856625,19.4978124666667,0.902748716666667,2011.6,0.0025,0.05737,0.74211,0.19864,"marsh"
"Carlin_et_al_2021","ELM1812","ELM1812-SPA2",2018,12,18,37.615667,-122.113967,"handheld","Mean site elevation is 1.65m (NAVD88)","mixoeuhaline","emergent","field observation","cordgrass-dominated","low","site inundated twice daily, 2.4m tidal range","core depth limited by length of corer",5,6,0.6448,0.147058823529414,0.0243933333333333,1.62444078545621,0.426740594339346,56.7389905213618,7.61370629913668,15.6643448,0.922629916666667,2009.9,0.00266,0.0393,0.77169,0.18713,"marsh"
"Carlin_et_al_2021","ELM1812","ELM1812-SPA2",2018,12,18,37.615667,-122.113967,"handheld","Mean site elevation is 1.65m (NAVD88)","mixoeuhaline","emergent","field observation","cordgrass-dominated","low","site inundated twice daily, 2.4m tidal range","core depth limited by length of corer",6,7,0.4621,0.163265306122446,0.0269766666666667,3.64987835423691,0.53397720322486,50.5070188602699,7.29783020203635,14.4310843833333,0.893284116666667,2008.7,0.00269333333333333,0.05254,0.74396,0.20172,"marsh"
"Carlin_et_al_2021","ELM1812","ELM1812-SPA2",2018,12,18,37.615667,-122.113967,"handheld","Mean site elevation is 1.65m (NAVD88)","mixoeuhaline","emergent","field observation","cordgrass-dominated","low","site inundated twice daily, 2.4m tidal range","core depth limited by length of corer",7,8,0.5228,0.150943396226418,0.0266966666666667,3.09734213184964,0.520663212363924,54.6438900729356,7.82217305655397,18.1445136,0.974360383333333,2007.2,0.00283666666666667,0.03691,0.7852,0.17606,"marsh"
"Carlin_et_al_2021","ELM1812","ELM1812-SPA2",2018,12,18,37.615667,-122.113967,"handheld","Mean site elevation is 1.65m (NAVD88)","mixoeuhaline","emergent","field observation","cordgrass-dominated","low","site inundated twice daily, 2.4m tidal range","core depth limited by length of corer",8,9,0.4701,0.159999999999997,0.0281166666666667,5.18543202873137,0.544988906219667,57.6427589399713,7.82139824420086,17.8133476333333,0.93520075,2005.5,0.0028,0.0515,0.75142,0.19521,"marsh"
"Carlin_et_al_2021","ELM1812","ELM1812-SPA2",2018,12,18,37.615667,-122.113967,"handheld","Mean site elevation is 1.65m (NAVD88)","mixoeuhaline","emergent","field observation","cordgrass-dominated","low","site inundated twice daily, 2.4m tidal range","core depth limited by length of corer",9,10,0.5512,0.157894736842105,0.0328066666666667,3.78524254157999,0.538640013666833,81.6014280545966,8.56038576620246,15.7844490833333,0.894978266666667,2002.9,0.00291,0.16924,0.64699,0.18203,"marsh"
"Carlin_et_al_2021","ELM1812","ELM1812-SPA2",2018,12,18,37.615667,-122.113967,"handheld","Mean site elevation is 1.65m (NAVD88)","mixoeuhaline","emergent","field observation","cordgrass-dominated","low","site inundated twice daily, 2.4m tidal range","core depth limited by length of corer",10,11,0.4849,0.159999999999997,0.03644,3.32764418214567,0.49981215615828,88.7608321774326,8.36765764785766,17.6105683166667,0.859395733333333,1999.8,0.00353666666666667,0.11649,0.69462,0.1871,"marsh"
"Carlin_et_al_2021","ELM1812","ELM1812-SPA2",2018,12,18,37.615667,-122.113967,"handheld","Mean site elevation is 1.65m (NAVD88)","mixoeuhaline","emergent","field observation","cordgrass-dominated","low","site inundated twice daily, 2.4m tidal range","core depth limited by length of corer",11,12,0.5149,0.163636363636363,0.0453233333333333,5.11449487251324,0.426037422880353,68.8913036990218,6.96228933723834,14.7661210833333,0.692531083333333,1997,0.00381666666666667,0.20758,0.61895,0.17179,"marsh"
"Carlin_et_al_2021","ELM1812","ELM1812-SPA2",2018,12,18,37.615667,-122.113967,"handheld","Mean site elevation is 1.65m (NAVD88)","mixoeuhaline","emergent","field observation","cordgrass-dominated","low","site inundated twice daily, 2.4m tidal range","core depth limited by length of corer",12,13,0.4559,0.166666666666663,0.04292,5.83443256107466,0.550186990509341,82.5625065948124,8.50556073653701,15.9313346666667,0.853919533333333,1993.4,0.00386,0.08441,0.72195,0.19176,"marsh"
"Carlin_et_al_2021","ELM1812","ELM1812-SPA2",2018,12,18,37.615667,-122.113967,"handheld","Mean site elevation is 1.65m (NAVD88)","mixoeuhaline","emergent","field observation","cordgrass-dominated","low","site inundated twice daily, 2.4m tidal range","core depth limited by length of corer",13,14,0.6804,0.19718309859155,0.04058,6.23231462400251,0.590823426355438,93.3834087570715,8.41668237225767,17.70470105,0.904710216666667,1987.4,0.00369,0.08869,0.75403,0.15556,"marsh"
"Carlin_et_al_2021","ELM1812","ELM1812-SPA2",2018,12,18,37.615667,-122.113967,"handheld","Mean site elevation is 1.65m (NAVD88)","mixoeuhaline","emergent","field observation","cordgrass-dominated","low","site inundated twice daily, 2.4m tidal range","core depth limited by length of corer",14,15,0.7436,0.205128205128205,0.05008,8.71409739132151,0.591687212870731,104.454336398677,9.31510112159735,15.0555421833333,0.82052705,1978.5,0.00451333333333333,0.04905,0.77897,0.17045,"marsh"
"Carlin_et_al_2021","ELM1812","ELM1812-SPA2",2018,12,18,37.615667,-122.113967,"handheld","Mean site elevation is 1.65m (NAVD88)","mixoeuhaline","emergent","field observation","cordgrass-dominated","low","site inundated twice daily, 2.4m tidal range","core depth limited by length of corer",15,16,0.643,0.196969696969695,0.0493466666666667,8.69046255437159,0.625713303914754,107.556894519746,8.95980829908659,18.7503940166667,0.8943938,1966.7,0.00458333333333333,0.20106,0.65773,0.13976,"marsh"
"Carlin_et_al_2021","ELM1812","ELM1812-SPA2",2018,12,18,37.615667,-122.113967,"handheld","Mean site elevation is 1.65m (NAVD88)","mixoeuhaline","emergent","field observation","cordgrass-dominated","low","site inundated twice daily, 2.4m tidal range","core depth limited by length of corer",16,17,0.4728,0.1875,0.04485,7.99194266835366,0.469926228899195,106.818881468816,7.66762074183408,16.3891872666667,0.680151266666667,1953.7,0.00413666666666667,0.07869,0.77417,0.14565,"marsh"
"Carlin_et_al_2021","ELM1812","ELM1812-SPA2",2018,12,18,37.615667,-122.113967,"handheld","Mean site elevation is 1.65m (NAVD88)","mixoeuhaline","emergent","field observation","cordgrass-dominated","low","site inundated twice daily, 2.4m tidal range","core depth limited by length of corer",17,18,0.7295,0.142857142857142,0.0314233333333333,3.32370631946477,0.488584828961322,55.7888956394064,7.42676065389121,18.6864821333333,0.89321385,1943.1,0.00296,0.01931,0.7777,0.20134,"marsh"
"Carlin_et_al_2021","ELM1812","ELM1812-SPA2",2018,12,18,37.615667,-122.113967,"handheld","Mean site elevation is 1.65m (NAVD88)","mixoeuhaline","emergent","field observation","cordgrass-dominated","low","site inundated twice daily, 2.4m tidal range","core depth limited by length of corer",18,19,0.8244,0.162790697674419,0.02205,2.80297942091201,0.433620916415087,47.9430791931171,7.06883224482784,22.9815647333333,0.937647833333333,1932.5,0.00202666666666667,0.13803,0.68937,0.17114,"marsh"
"Carlin_et_al_2021","ELM1812","ELM1812-SPA2",2018,12,18,37.615667,-122.113967,"handheld","Mean site elevation is 1.65m (NAVD88)","mixoeuhaline","emergent","field observation","cordgrass-dominated","low","site inundated twice daily, 2.4m tidal range","core depth limited by length of corer",19,20,0.76086,0.162499999999999,0.0200533333333333,1.88332651693801,0.406986860310305,36.1931319992117,6.10224182006912,24.3303956666667,0.95618455,1923.3,0.00175333333333333,0.02142,0.60045,0.37683,"marsh"
"Carlin_et_al_2021","ELM1812","ELM1812-SPA2",2018,12,18,37.615667,-122.113967,"handheld","Mean site elevation is 1.65m (NAVD88)","mixoeuhaline","emergent","field observation","cordgrass-dominated","low","site inundated twice daily, 2.4m tidal range","core depth limited by length of corer",20,21,0.8243,0.149425287356321,0.0190233333333333,1.44889339803242,0.360050009411058,24.9569238708018,5.64418373935947,20.9930301666667,0.93418985,1915,0.00165666666666667,0.01862,0.75858,0.22112,"marsh"
"Carlin_et_al_2021","ELM1812","ELM1812-SPA2",2018,12,18,37.615667,-122.113967,"handheld","Mean site elevation is 1.65m (NAVD88)","mixoeuhaline","emergent","field observation","cordgrass-dominated","low","site inundated twice daily, 2.4m tidal range","core depth limited by length of corer",21,22,0.8717,0.130434782608693,0.01869,1.05231436138288,0.342738787502403,37.510460697239,6.47721924045619,21.9701257666667,0.922745283333333,1905.7,0.00153333333333333,0.01753,0.80387,0.17704,"marsh"
"Carlin_et_al_2021","ELM1812","ELM1812-SPA2",2018,12,18,37.615667,-122.113967,"handheld","Mean site elevation is 1.65m (NAVD88)","mixoeuhaline","emergent","field observation","cordgrass-dominated","low","site inundated twice daily, 2.4m tidal range","core depth limited by length of corer",22,23,1.0284,0.111111111111112,0.0173133333333333,0.369655212314089,0.206637263683576,28.4907005104304,5.8069350368797,20.0451509833333,0.894013733333333,1895.4,0.00146666666666667,0.0104,0.75089,0.23694,"marsh"
"Carlin_et_al_2021","ELM1812","ELM1812-SPA2",2018,12,18,37.615667,-122.113967,"handheld","Mean site elevation is 1.65m (NAVD88)","mixoeuhaline","emergent","field observation","cordgrass-dominated","low","site inundated twice daily, 2.4m tidal range","core depth limited by length of corer",23,24,0.9953,0.115384615384616,0.0183166666666667,1.52742030806944,0.292042762902877,38.4698123957119,5.12378077836684,21.92488405,0.7366761,1884.5,0.00153333333333333,0.037,0.78413,0.17734,"marsh"
"Carlin_et_al_2021","ELM1812","ELM1812-SPA2",2018,12,18,37.615667,-122.113967,"handheld","Mean site elevation is 1.65m (NAVD88)","mixoeuhaline","emergent","field observation","cordgrass-dominated","low","site inundated twice daily, 2.4m tidal range","core depth limited by length of corer",24,25,1.0396,0.110091743119264,0.01608,1.25151503923957,0.336031788035826,18.0828579773161,4.70038303677649,19.3834894333333,0.880010416666667,1874.9,0.00133333333333333,0.01609,0.8244,0.15804,"marsh"
"Carlin_et_al_2021","ELM1812","ELM1812-SPA2",2018,12,18,37.615667,-122.113967,"handheld","Mean site elevation is 1.65m (NAVD88)","mixoeuhaline","emergent","field observation","cordgrass-dominated","low","site inundated twice daily, 2.4m tidal range","core depth limited by length of corer",25,26,0.9662,0.137254901960781,0.0173933333333333,0.058731640969481,0.0308223651807836,33.0861242045626,3.96541967644509,22.5747942833333,0.5485675,1864.6,0.00144,0.02496,0.76669,0.20673,"marsh"
"Carlin_et_al_2021","ELM1812","ELM1812-SPA2",2018,12,18,37.615667,-122.113967,"handheld","Mean site elevation is 1.65m (NAVD88)","mixoeuhaline","emergent","field observation","cordgrass-dominated","low","site inundated twice daily, 2.4m tidal range","core depth limited by length of corer",26,27,0.9737,0.135922330097088,0.01852,NA,NA,15.1392167749135,4.59802375684429,22.6353116,0.921257183333333,1855,0.00148666666666667,0.01243,0.76275,0.22309,"marsh"
"Carlin_et_al_2021","ELM1812","ELM1812-SPA2",2018,12,18,37.615667,-122.113967,"handheld","Mean site elevation is 1.65m (NAVD88)","mixoeuhaline","emergent","field observation","cordgrass-dominated","low","site inundated twice daily, 2.4m tidal range","core depth limited by length of corer",27,28,0.9103,0.135416666666669,0.0176866666666667,NA,NA,38.0205823458175,6.60076802629078,23.8837011833333,0.97923175,1844.7,0.00138666666666667,0.0248,0.73525,0.23817,"marsh"
"Carlin_et_al_2021","ELM1812","ELM1812-SPA2",2018,12,18,37.615667,-122.113967,"handheld","Mean site elevation is 1.65m (NAVD88)","mixoeuhaline","emergent","field observation","cordgrass-dominated","low","site inundated twice daily, 2.4m tidal range","core depth limited by length of corer",28,29,1.0876,0.12280701754386,0.02985,NA,NA,26.7833595595691,4.1041836079453,21.1374187833333,0.629895083333333,1834.7,0.00259,0.00993,0.73649,0.25172,"marsh"
"Carlin_et_al_2021","ELM1812","ELM1812-SPA2",2018,12,18,37.615667,-122.113967,"handheld","Mean site elevation is 1.65m (NAVD88)","mixoeuhaline","emergent","field observation","cordgrass-dominated","low","site inundated twice daily, 2.4m tidal range","core depth limited by length of corer",29,30,0.6963,0.229729729729731,0.0222866666666667,NA,NA,33.4559103170726,6.21673541026946,19.6091223,0.93731605,1824.3,0.00189666666666667,0.57981,0.32813,0.09131,"marsh"
