"study_id","site_id","core_id","depth_min","depth_max","sample_id","dry_bulk_density","fraction_carbon","Method","U_depth_m","L_depth_m","Database","core_year","core_month","core_day","core_latitude","core_longitude","core_position_method","core_elevation","core_elevation_datum","core_elevation_method","salinity_class","salinity_method","vegetation_class","vegetation_method","inundation_class","inundation_method","core_length_flag","Habitat_type","Latitude","Longitude","IDnumber","Core","Site","Veg","Treatment","Depth","X15N","N_perc","X","upperdepthcm","lowerdepthcm","sample_id.1","BD","carbonfrac"
"Fell_et_al_2021","GTMNERRSouthern","NM1GW",4,5,"NM1GW_5",0.85059792213144,0.077,"EA",0.04,0.05,"individual",2018,5,23,29.7273944444444,-81.2405444444444,"handheld",0.4468888889,"NAVD88","RTK-GPS",NA,NA,"scrub shrub","field observation","low","field observation","core depth limited by length of corer","marsh",29.7273944444444,-81.2405444444444,"1","NM1GW","NM","G","W",5,3.8938712,0.659428053,NA,4,5,"NM1GW_5",0.850597922,0.077
"Fell_et_al_2021","GTMNERRSouthern","NM1GW",14,15,"NM1GW_15",0.860734976221358,0.074,"EA",0.14,0.15,"individual",2018,5,23,29.7273944444444,-81.2405444444444,"handheld",0.4468888889,"NAVD88","RTK-GPS",NA,NA,"scrub shrub","field observation","low","field observation","core depth limited by length of corer","marsh",29.7273944444444,-81.2405444444444,"3","NM1GW","NM","G","W",15,4.2437688,0.651772669,NA,14,15,"NM1GW_15",0.860734976,0.074
"Fell_et_al_2021","GTMNERRSouthern","NM1GW",29,30,"NM1GW_30",0.923414621269317,0.051,"EA",0.29,0.3,"individual",2018,5,23,29.7273944444444,-81.2405444444444,"handheld",0.4468888889,"NAVD88","RTK-GPS",NA,NA,"scrub shrub","field observation","low","field observation","core depth limited by length of corer","marsh",29.7273944444444,-81.2405444444444,"6","NM1GW","NM","G","W",30,3.2789624,0.437976036,NA,29,30,"NM1GW_30",0.923414621,0.051
"Fell_et_al_2021","GTMNERRSouthern","NM2GW",4,5,"NM2GW_5",0.792459268815414,0.103,"EA",0.04,0.05,"individual",2018,5,23,29.7271972222222,-81.2400416666667,"handheld",0.503155556,"NAVD88","RTK-GPS",NA,NA,"scrub shrub","field observation","low","field observation","core depth limited by length of corer","marsh",29.7271972222222,-81.2400416666667,"7","NM2GW","NM","G","W",5,2.369442,0.851246986,NA,4,5,"NM2GW_5",0.792459269,0.103
"Fell_et_al_2021","GTMNERRSouthern","NM2GW",14,15,"NM2GW_15",0.648240202958416,0.047,"EA",0.14,0.15,"individual",2018,5,23,29.7271972222222,-81.2400416666667,"handheld",0.503155556,"NAVD88","RTK-GPS",NA,NA,"scrub shrub","field observation","low","field observation","core depth limited by length of corer","marsh",29.7271972222222,-81.2400416666667,"9","NM2GW","NM","G","W",15,2.6171655,0.317387839,NA,14,15,"NM2GW_15",0.648240203,0.047
"Fell_et_al_2021","GTMNERRSouthern","NM2GW",29,30,"NM2GW_30",1.00832054032108,0.07,"EA",0.29,0.3,"individual",2018,5,23,29.7271972222222,-81.2400416666667,"handheld",0.503155556,"NAVD88","RTK-GPS",NA,NA,"scrub shrub","field observation","low","field observation","core depth limited by length of corer","marsh",29.7271972222222,-81.2400416666667,"12","NW2GW","NM","G","W",30,1.6241985,0.487151197,NA,29,30,"NM2GW_30",1.00832054,0.07
"Fell_et_al_2021","GTMNERRSouthern","NM3GW",4,5,"NM3GW_5",0.697115756497275,0.092,"EA",0.04,0.05,"individual",2018,5,23,29.72705,-81.2400944444445,"handheld",0.48748888889,"NAVD88","RTK-GPS","saline","measurement","scrub shrub","field observation","low","field observation","core depth limited by length of corer","marsh",29.72705,-81.2400944444445,"13","NM3GW","NM","G","W",5,3.4549464,0.633108066,NA,4,5,"NM3GW_5",0.697115756,0.092
"Fell_et_al_2021","GTMNERRSouthern","NM3GW",14,15,"NM3GW_15",0.634705643794649,0.064,"EA",0.14,0.15,"individual",2018,5,23,29.72705,-81.2400944444445,"handheld",0.48748888889,"NAVD88","RTK-GPS","saline","measurement","scrub shrub","field observation","low","field observation","core depth limited by length of corer","marsh",29.72705,-81.2400944444445,"15","NM3GW","NM","G","W",15,2.9176776,0.495628225,NA,14,15,"NM3GW_15",0.634705644,0.064
"Fell_et_al_2021","GTMNERRSouthern","NM3GW",29,30,"NM3GW_30",0.909848090133434,0.04,"EA",0.29,0.3,"individual",2018,5,23,29.72705,-81.2400944444445,"handheld",0.48748888889,"NAVD88","RTK-GPS","saline","measurement","scrub shrub","field observation","low","field observation","core depth limited by length of corer","marsh",29.72705,-81.2400944444445,"18","NM3GW","NM","G","W",30,2.4476968,0.308770487,NA,29,30,"NM3GW_30",0.90984809,0.04
"Fell_et_al_2021","GTMNERRSouthern","NM4GW",4,5,"NM4GW_5",0.77037017044976,0.06,"EA",0.04,0.05,"individual",2018,5,23,29.7276472222222,-81.2399555555556,"handheld",0.4864666667,"NAVD88","RTK-GPS","saline","measurement","scrub shrub","field observation","low","field observation","core depth limited by length of corer","marsh",29.7276472222222,-81.2399555555556,"19","NM4GW","NM","G","W",5,2.0988344,0.56576129,NA,4,5,"NM4GW_5",0.77037017,0.06
"Fell_et_al_2021","GTMNERRSouthern","NM4GW",14,15,"NM4GW_15",0.67993972611771,0.043,"EA",0.14,0.15,"individual",2018,5,23,29.7276472222222,-81.2399555555556,"handheld",0.4864666667,"NAVD88","RTK-GPS","saline","measurement","scrub shrub","field observation","low","field observation","core depth limited by length of corer","marsh",29.7276472222222,-81.2399555555556,"21","NM4GW","NM","G","W",15,2.055356,0.277998391,NA,14,15,"NM4GW_15",0.679939726,0.043
"Fell_et_al_2021","GTMNERRSouthern","NM4GW",29,30,"NM4GW_30",0.709095203721758,0.053,"EA",0.29,0.3,"individual",2018,5,23,29.7276472222222,-81.2399555555556,"handheld",0.4864666667,"NAVD88","RTK-GPS","saline","measurement","scrub shrub","field observation","low","field observation","core depth limited by length of corer","marsh",29.7276472222222,-81.2399555555556,"24","NM4GW","NM","G","W",30,1.7789576,0.317149596,NA,29,30,"NM4GW_30",0.709095204,0.053
"Fell_et_al_2021","GTMNERRSouthern","NM5GW",4,5,"NM5GW_5",NA,NA,"EA",0.04,0.05,"individual",2018,5,23,29.7273583333333,-81.2404944444445,"handheld",0.44631111,"NAVD88","RTK-GPS",NA,NA,"scrub shrub","field observation","low","field observation","core depth limited by length of corer","marsh",29.7273583333333,-81.2404944444445,"","","NM","G","W",5,NA,NA,NA,4,5,"NM5GW_5",NA,NA
"Fell_et_al_2021","GTMNERRSouthern","NM5GW",14,15,"NM5GW_15",NA,NA,"EA",0.14,0.15,"individual",2018,5,23,29.7273583333333,-81.2404944444445,"handheld",0.44631111,"NAVD88","RTK-GPS",NA,NA,"scrub shrub","field observation","low","field observation","core depth limited by length of corer","marsh",29.7273583333333,-81.2404944444445,"","","NM","G","W",15,NA,NA,NA,14,15,"NM5GW_15",NA,NA
"Fell_et_al_2021","GTMNERRSouthern","NM5GW",29,30,"NM5GW_30",0.470513571512793,0.062,"EA",0.29,0.3,"individual",2018,5,23,29.7273583333333,-81.2404944444445,"handheld",0.44631111,"NAVD88","RTK-GPS",NA,NA,"scrub shrub","field observation","low","field observation","core depth limited by length of corer","marsh",29.7273583333333,-81.2404944444445,"30","NM5GW","NM","G","W",30,1.9715048,0.444144812,NA,29,30,"NM5GW_30",0.470513572,0.062
"Fell_et_al_2021","GTMNERRSouthern","NM6GW",4,5,"NM6GW_5",0.671218455772227,0.062,"EA",0.04,0.05,"individual",2018,5,23,29.7271194444444,-81.24045,"handheld",0.4652888889,"NAVD88","RTK-GPS","saline","measurement","scrub shrub","field observation","low","field observation","core depth limited by length of corer","marsh",29.7271194444444,-81.24045,"31","NM6GW","NM","G","W",5,2.9891064,0.528010238,NA,4,5,"NM6GW_5",0.671218456,0.062
"Fell_et_al_2021","GTMNERRSouthern","NM6GW",14,15,"NM6GW_15",0.671524770417318,0.088,"EA",0.14,0.15,"individual",2018,5,23,29.7271194444444,-81.24045,"handheld",0.4652888889,"NAVD88","RTK-GPS","saline","measurement","scrub shrub","field observation","low","field observation","core depth limited by length of corer","marsh",29.7271194444444,-81.24045,"33","NM6GW","NM","G","W",15,3.4414888,0.700481999,NA,14,15,"NM6GW_15",0.67152477,0.088
"Fell_et_al_2021","GTMNERRSouthern","NM6GW",29,30,"NM6GW_30",0.679780861145615,0.034,"EA",0.29,0.3,"individual",2018,5,23,29.7271194444444,-81.24045,"handheld",0.4652888889,"NAVD88","RTK-GPS","saline","measurement","scrub shrub","field observation","low","field observation","core depth limited by length of corer","marsh",29.7271194444444,-81.24045,"36","NM6GW","NM","G","W",30,-0.0284675,0.222583378,NA,29,30,"NM6GW_30",0.679780861,0.034
"Fell_et_al_2021","GTMNERRSouthern","NM1GC",4,5,"NM1GC_5",0.639368215677485,0.06,"EA",0.04,0.05,"individual",2018,5,23,29.7273527777778,-81.2405694444444,"handheld",0.42456667,"NAVD88","RTK-GPS",NA,NA,"scrub shrub","field observation","low","field observation","core depth limited by length of corer","marsh",29.7273527777778,-81.2405694444444,"37","NM1GC","NM","G","C",5,3.6047725,0.537139453,NA,4,5,"NM1GC_5",0.639368216,0.06
"Fell_et_al_2021","GTMNERRSouthern","NM1GC",14,15,"NM1GC_15",0.63017626975831,0.056,"EA",0.14,0.15,"individual",2018,5,23,29.7273527777778,-81.2405694444444,"handheld",0.42456667,"NAVD88","RTK-GPS",NA,NA,"scrub shrub","field observation","low","field observation","core depth limited by length of corer","marsh",29.7273527777778,-81.2405694444444,"39","NM1GC","NM","G","C",15,2.950255,0.469956476,NA,14,15,"NM1GC_15",0.63017627,0.056
"Fell_et_al_2021","GTMNERRSouthern","NM1GC",29,30,"NM1GC_30",0.825222934296122,0.093,"EA",0.29,0.3,"individual",2018,5,23,29.7273527777778,-81.2405694444444,"handheld",0.42456667,"NAVD88","RTK-GPS",NA,NA,"scrub shrub","field observation","low","field observation","core depth limited by length of corer","marsh",29.7273527777778,-81.2405694444444,"42","NM1GC","NM","G","C",30,2.6689905,0.58269808,NA,29,30,"NM1GC_30",0.825222934,0.093
"Fell_et_al_2021","GTMNERRSouthern","NM2GC",4,5,"NM2GC_5",1.09137220776918,0.06,"EA",0.04,0.05,"individual",2018,5,23,29.7273777777778,-81.2400222222222,"handheld",0.496522222,"NAVD88","RTK-GPS",NA,NA,"scrub shrub","field observation","low","field observation","core depth limited by length of corer","marsh",29.7273777777778,-81.2400222222222,"43","NM2GC","NM","G","C",5,2.342493,0.484945713,NA,4,5,"NM2GC_5",1.091372208,0.06
"Fell_et_al_2021","GTMNERRSouthern","NM2GC",14,15,"NM2GC_15",1.13079640812987,0.074,"EA",0.14,0.15,"individual",2018,5,23,29.7273777777778,-81.2400222222222,"handheld",0.496522222,"NAVD88","RTK-GPS",NA,NA,"scrub shrub","field observation","low","field observation","core depth limited by length of corer","marsh",29.7273777777778,-81.2400222222222,"45","NM2GC","NM","G","C",15,1.8667395,0.603678593,NA,14,15,"NM2GC_15",1.130796408,0.074
"Fell_et_al_2021","GTMNERRSouthern","NM2GC",29,30,"NM2GC_30",NA,NA,"EA",0.29,0.3,"individual",2018,5,23,29.7273777777778,-81.2400222222222,"handheld",0.496522222,"NAVD88","RTK-GPS",NA,NA,"scrub shrub","field observation","low","field observation","core depth limited by length of corer","marsh",29.7273777777778,-81.2400222222222,"","","NM","G","C",NA,NA,NA,NA,29,30,"NM2GC_30",NA,NA
"Fell_et_al_2021","GTMNERRSouthern","NM3GC",4,5,"NM3GC_5",0.778937232244625,0.058,"EA",0.04,0.05,"individual",2018,5,23,29.7270861111111,-81.2400861111111,"handheld",0.4949,"NAVD88","RTK-GPS","saline","measurement","scrub shrub","field observation","low","field observation","core depth limited by length of corer","marsh",29.7270861111111,-81.2400861111111,"49","NM3GC_OL.10","NM","G","C",5,2.2799944,0.376258004,NA,4,5,"NM3GC_5",0.778937232,0.058
"Fell_et_al_2021","GTMNERRSouthern","NM3GC",14,15,"NM3GC_15",0.468451762049215,0.031,"EA",0.14,0.15,"individual",2018,5,23,29.7270861111111,-81.2400861111111,"handheld",0.4949,"NAVD88","RTK-GPS","saline","measurement","scrub shrub","field observation","low","field observation","core depth limited by length of corer","marsh",29.7270861111111,-81.2400861111111,"51","NM3GC_OL.10","NM","G","C",15,1.3524552,0.225474701,NA,14,15,"NM3GC_15",0.468451762,0.031
"Fell_et_al_2021","GTMNERRSouthern","NM3GC",29,30,"NM3GC_30",NA,NA,"EA",0.29,0.3,"individual",2018,5,23,29.7270861111111,-81.2400861111111,"handheld",0.4949,"NAVD88","RTK-GPS","saline","measurement","scrub shrub","field observation","low","field observation","core depth limited by length of corer","marsh",29.7270861111111,-81.2400861111111,"","","NM","G","C",NA,NA,NA,NA,29,30,"NM3GC_30",NA,NA
"Fell_et_al_2021","GTMNERRSouthern","NM4GC",4,5,"NM4GC_5",0.787920173726858,0.034,"EA",0.04,0.05,"individual",2018,5,23,29.7276333333333,-81.2397555555556,"handheld",0.48771111,"NAVD88","RTK-GPS","saline","measurement","scrub shrub","field observation","low","field observation","core depth limited by length of corer","marsh",29.7276333333333,-81.2397555555556,"55","NM4GC","NM","G","C",5,1.211668,0.217899523,NA,4,5,"NM4GC_5",0.787920174,0.034
"Fell_et_al_2021","GTMNERRSouthern","NM4GC",14,15,"NM4GC_15",0.432639804482748,NA,"EA",0.14,0.15,"individual",2018,5,23,29.7276333333333,-81.2397555555556,"handheld",0.48771111,"NAVD88","RTK-GPS","saline","measurement","scrub shrub","field observation","low","field observation","core depth limited by length of corer","marsh",29.7276333333333,-81.2397555555556,"57","NM4GC","NM","G","C",NA,-0.656868,0.07401703,NA,14,15,"NM4GC_15",0.432639804,NA
"Fell_et_al_2021","GTMNERRSouthern","NM4GC",29,30,"NM4GC_30",NA,NA,"EA",0.29,0.3,"individual",2018,5,23,29.7276333333333,-81.2397555555556,"handheld",0.48771111,"NAVD88","RTK-GPS","saline","measurement","scrub shrub","field observation","low","field observation","core depth limited by length of corer","marsh",29.7276333333333,-81.2397555555556,"66","","NM","G","C",NA,-1.1516936,0.111010964,NA,29,30,"NM4GC_30",NA,NA
"Fell_et_al_2021","GTMNERRSouthern","NM5GC",4,5,"NM5GC_5",0.681163508407976,NA,"EA",0.04,0.05,"individual",2018,5,23,29.7275111111111,-81.240275,"handheld",0.495322222,"NAVD88","RTK-GPS",NA,NA,"scrub shrub","field observation","low","field observation","core depth limited by length of corer","marsh",29.7275111111111,-81.240275,"66","NM5GC","NM","G","C",NA,3.3203704,1.015405498,NA,4,5,"NM5GC_5",0.681163508,NA
"Fell_et_al_2021","GTMNERRSouthern","NM5GC",14,15,"NM5GC_15",0.758495129463796,NA,"EA",0.14,0.15,"individual",2018,5,23,29.7275111111111,-81.240275,"handheld",0.495322222,"NAVD88","RTK-GPS",NA,NA,"scrub shrub","field observation","low","field observation","core depth limited by length of corer","marsh",29.7275111111111,-81.240275,"","","NM","G","C",NA,NA,NA,NA,14,15,"NM5GC_15",0.758495129,NA
"Fell_et_al_2021","GTMNERRSouthern","NM5GC",29,30,"NM5GC_30",1.25338956196203,0.016,"EA",0.29,0.3,"individual",2018,5,23,29.7275111111111,-81.240275,"handheld",0.495322222,"NAVD88","RTK-GPS",NA,NA,"scrub shrub","field observation","low","field observation","core depth limited by length of corer","marsh",29.7275111111111,-81.240275,"","","NM","G","C",NA,NA,NA,NA,29,30,"NM5GC_30",1.253389562,0.016
"Fell_et_al_2021","GTMNERRSouthern","NM6GC",4,5,"NM6GC_5",0.678067073763665,0.033,"EA",0.04,0.05,"individual",2018,5,23,29.7270305555556,-81.2403944444444,"handheld",0.4870555556,"NAVD88","RTK-GPS","saline","measurement","scrub shrub","field observation","low","field observation","core depth limited by length of corer","marsh",29.7270305555556,-81.2403944444444,"67","NM6GC","NM","G","C",5,1.7841336,0.24323803,NA,4,5,"NM6GC_5",0.678067074,0.033
"Fell_et_al_2021","GTMNERRSouthern","NM6GC",14,15,"NM6GC_15",0.554594744097554,0.02,"EA",0.14,0.15,"individual",2018,5,23,29.7270305555556,-81.2403944444444,"handheld",0.4870555556,"NAVD88","RTK-GPS","saline","measurement","scrub shrub","field observation","low","field observation","core depth limited by length of corer","marsh",29.7270305555556,-81.2403944444444,"69","NM6GC","NM","G","C",15,0.6702584,0.137546911,NA,14,15,"NM6GC_15",0.554594744,0.02
"Fell_et_al_2021","GTMNERRSouthern","NM6GC",29,30,"NM6GC_30",0.72773788468341,0.033,"EA",0.29,0.3,"individual",2018,5,23,29.7270305555556,-81.2403944444444,"handheld",0.4870555556,"NAVD88","RTK-GPS","saline","measurement","scrub shrub","field observation","low","field observation","core depth limited by length of corer","marsh",29.7270305555556,-81.2403944444444,"72","NM6GC","NM","G","C",30,2.0056664,0.28201302,NA,29,30,"NM6GC_30",0.727737885,0.033
"Fell_et_al_2021","GTMNERRSouthern","NM1MW",4,5,"NM1MW_5",0.692307745348908,0.06,"EA",0.04,0.05,"individual",2018,5,23,29.7274055555556,-81.2404666666667,"handheld",0.4704777778,"NAVD88","RTK-GPS",NA,NA,"scrub shrub","field observation","low","field observation","core depth limited by length of corer","marsh",29.7274055555556,-81.2404666666667,"73","NM1MW_O_Lay 23","NM","M","W",5,3.316803,0.572121721,NA,4,5,"NM1MW_5",0.692307745,0.06
"Fell_et_al_2021","GTMNERRSouthern","NM1MW",14,15,"NM1MW_15",0.73002547664376,0.078,"EA",0.14,0.15,"individual",2018,5,23,29.7274055555556,-81.2404666666667,"handheld",0.4704777778,"NAVD88","RTK-GPS",NA,NA,"scrub shrub","field observation","low","field observation","core depth limited by length of corer","marsh",29.7274055555556,-81.2404666666667,"75","NM1MW","NM","M","W",15,3.6578115,0.735592078,NA,14,15,"NM1MW_15",0.730025477,0.078
"Fell_et_al_2021","GTMNERRSouthern","NM1MW",29,30,"NM1MW_30",0.558979815175097,0.034,"EA",0.29,0.3,"individual",2018,5,23,29.7274055555556,-81.2404666666667,"handheld",0.4704777778,"NAVD88","RTK-GPS",NA,NA,"scrub shrub","field observation","low","field observation","core depth limited by length of corer","marsh",29.7274055555556,-81.2404666666667,"78","NM1MW","NM","M","W",30,1.6681912,0.261807545,NA,29,30,"NM1MW_30",0.558979815,0.034
"Fell_et_al_2021","GTMNERRSouthern","NM2MW",4,5,"NM2MW_5",0.605171409055625,0.03,"EA",0.04,0.05,"individual",2018,5,23,29.7272861111111,-81.2399638888889,"handheld",0.498,"NAVD88","RTK-GPS",NA,NA,"scrub shrub","field observation","low","field observation","core depth limited by length of corer","marsh",29.7272861111111,-81.2399638888889,"79","NM2MW","NM","M","W",5,0.315099,0.180460018,NA,4,5,"NM2MW_5",0.605171409,0.03
"Fell_et_al_2021","GTMNERRSouthern","NM2MW",14,15,"NM2MW_15",0.821456959154373,0.12,"EA",0.14,0.15,"individual",2018,5,23,29.7272861111111,-81.2399638888889,"handheld",0.498,"NAVD88","RTK-GPS",NA,NA,"scrub shrub","field observation","low","field observation","core depth limited by length of corer","marsh",29.7272861111111,-81.2399638888889,"81","NM2MW","NM","M","W",15,2.3932815,1.126309685,NA,14,15,"NM2MW_15",0.821456959,0.12
"Fell_et_al_2021","GTMNERRSouthern","NM2MW",29,30,"NM2MW_30",0.58584430634715,NA,"EA",0.29,0.3,"individual",2018,5,23,29.7272861111111,-81.2399638888889,"handheld",0.498,"NAVD88","RTK-GPS",NA,NA,"scrub shrub","field observation","low","field observation","core depth limited by length of corer","marsh",29.7272861111111,-81.2399638888889,"84","NM2MW","NM","M","W",30,-0.8100776,0.09055344,NA,29,30,"NM2MW_30",0.585844306,NA
"Fell_et_al_2021","GTMNERRSouthern","NM3MW",4,5,"NM3MW_5",0.63403647008045,0.095,"EA",0.04,0.05,"individual",2018,5,23,29.7270194444444,-81.2400527777778,"handheld",0.484966667,"NAVD88","RTK-GPS","saline","measurement","scrub shrub","field observation","low","field observation","core depth limited by length of corer","marsh",29.7270194444444,-81.2400527777778,"85","NM3MW_O.13cm","NM","M","W",5,3.078408,0.914349475,NA,4,5,"NM3MW_5",0.63403647,0.095
"Fell_et_al_2021","GTMNERRSouthern","NM3MW",14,15,"NM3MW_15",0.561324506880927,0.066,"EA",0.14,0.15,"individual",2018,5,23,29.7270194444444,-81.2400527777778,"handheld",0.484966667,"NAVD88","RTK-GPS","saline","measurement","scrub shrub","field observation","low","field observation","core depth limited by length of corer","marsh",29.7270194444444,-81.2400527777778,"87","NM3MW_O_13cm","NM","M","W",15,3.02451,0.503648004,NA,14,15,"NM3MW_15",0.561324507,0.066
"Fell_et_al_2021","GTMNERRSouthern","NM3MW",29,30,"NM3MW_30",0.680583441694857,0.044,"EA",0.29,0.3,"individual",2018,5,23,29.7270194444444,-81.2400527777778,"handheld",0.484966667,"NAVD88","RTK-GPS","saline","measurement","scrub shrub","field observation","low","field observation","core depth limited by length of corer","marsh",29.7270194444444,-81.2400527777778,"90","NM3MW","NM","M","W",30,2.169228,0.295613374,NA,29,30,"NM3MW_30",0.680583442,0.044
"Fell_et_al_2021","GTMNERRSouthern","NM4MW",4,5,"NM4MW_5",0.543176252367317,0.043,"EA",0.04,0.05,"individual",2018,5,23,29.7275277777778,-81.2399166666667,"handheld",0.4940777778,"NAVD88","RTK-GPS","saline","measurement","scrub shrub","field observation","low","field observation","core depth limited by length of corer","marsh",29.7275277777778,-81.2399166666667,"91","NM4MW","NM","M","W",5,2.099952,0.361676491,NA,4,5,"NM4MW_5",0.543176252,0.043
"Fell_et_al_2021","GTMNERRSouthern","NM4MW",14,15,"NM4MW_15",0.6358055260779,0.052,"EA",0.14,0.15,"individual",2018,5,23,29.7275277777778,-81.2399166666667,"handheld",0.4940777778,"NAVD88","RTK-GPS","saline","measurement","scrub shrub","field observation","low","field observation","core depth limited by length of corer","marsh",29.7275277777778,-81.2399166666667,"93","NM4MW","NM","M","W",15,1.861557,0.337836699,NA,14,15,"NM4MW_15",0.635805526,0.052
"Fell_et_al_2021","GTMNERRSouthern","NM4MW",29,30,"NM4MW_30",0.567872448147815,NA,"EA",0.29,0.3,"individual",2018,5,23,29.7275277777778,-81.2399166666667,"handheld",0.4940777778,"NAVD88","RTK-GPS","saline","measurement","scrub shrub","field observation","low","field observation","core depth limited by length of corer","marsh",29.7275277777778,-81.2399166666667,"","","NM","M","W",NA,NA,NA,NA,29,30,"NM4MW_30",0.567872448,NA
"Fell_et_al_2021","GTMNERRSouthern","NM5MW",4,5,"NM5MW_5",0.770931696747626,0.093,"EA",0.04,0.05,"individual",2018,5,23,29.7274194444444,-81.2404,"handheld",0.481788889,"NAVD88","RTK-GPS",NA,NA,"scrub shrub","field observation","low","field observation","core depth limited by length of corer","marsh",29.7274194444444,-81.2404,"97","NM5MW","NM","M","W",5,2.2958505,0.653931721,NA,4,5,"NM5MW_5",0.770931697,0.093
"Fell_et_al_2021","GTMNERRSouthern","NM5MW",14,15,"NM5MW_15",0.622264288791712,0.055,"EA",0.14,0.15,"individual",2018,5,23,29.7274194444444,-81.2404,"handheld",0.481788889,"NAVD88","RTK-GPS",NA,NA,"scrub shrub","field observation","low","field observation","core depth limited by length of corer","marsh",29.7274194444444,-81.2404,"99","NM5MW","NM","M","W",15,1.768272,0.299066514,NA,14,15,"NM5MW_15",0.622264289,0.055
"Fell_et_al_2021","GTMNERRSouthern","NM5MW",29,30,"NM5MW_30",0.709311666471643,0.062,"EA",0.29,0.3,"individual",2018,5,23,29.7274194444444,-81.2404,"handheld",0.481788889,"NAVD88","RTK-GPS",NA,NA,"scrub shrub","field observation","low","field observation","core depth limited by length of corer","marsh",29.7274194444444,-81.2404,"102","NM5MW","NM","M","W",30,1.328796,0.469277684,NA,29,30,"NM5MW_30",0.709311666,0.062
"Fell_et_al_2021","GTMNERRSouthern","NM6MW",4,5,"NM6MW_5",0.758495959533573,0.083,"EA",0.04,0.05,"individual",2018,5,23,29.7270888888889,-81.2403416666667,"handheld",0.4939777778,"NAVD88","RTK-GPS","saline","measurement","scrub shrub","field observation","low","field observation","core depth limited by length of corer","marsh",29.7270888888889,-81.2403416666667,"103","NM6MW","NM","M","W",5,3.4777208,0.534052677,NA,4,5,"NM6MW_5",0.75849596,0.083
"Fell_et_al_2021","GTMNERRSouthern","NM6MW",14,15,"NM6MW_15",0.815534855690498,0.084,"EA",0.14,0.15,"individual",2018,5,23,29.7270888888889,-81.2403416666667,"handheld",0.4939777778,"NAVD88","RTK-GPS","saline","measurement","scrub shrub","field observation","low","field observation","core depth limited by length of corer","marsh",29.7270888888889,-81.2403416666667,"105","NM6MW","NM","M","W",15,3.08538,0.802327973,NA,14,15,"NM6MW_15",0.815534856,0.084
"Fell_et_al_2021","GTMNERRSouthern","NM6MW",29,30,"NM6MW_30",0.806864336558916,0.059,"EA",0.29,0.3,"individual",2018,5,23,29.7270888888889,-81.2403416666667,"handheld",0.4939777778,"NAVD88","RTK-GPS","saline","measurement","scrub shrub","field observation","low","field observation","core depth limited by length of corer","marsh",29.7270888888889,-81.2403416666667,"108","NM6MW","NM","M","W",30,2.06866,0.360615458,NA,29,30,"NM6MW_30",0.806864337,0.059
"Fell_et_al_2021","GTMNERRSouthern","NM1MC",4,5,"NM1MC_5",NA,NA,"EA",0.04,0.05,"individual",2018,5,23,29.7273138888889,-81.2404444444444,"handheld",0.442711111,"NAVD88","RTK-GPS",NA,NA,"scrub shrub","field observation","low","field observation","core depth limited by length of corer","marsh",29.7273138888889,-81.2404444444444,"","","NM","M","C",NA,NA,NA,NA,4,5,"NM1MC_5",NA,NA
"Fell_et_al_2021","GTMNERRSouthern","NM1MC",14,15,"NM1MC_15",NA,NA,"EA",0.14,0.15,"individual",2018,5,23,29.7273138888889,-81.2404444444444,"handheld",0.442711111,"NAVD88","RTK-GPS",NA,NA,"scrub shrub","field observation","low","field observation","core depth limited by length of corer","marsh",29.7273138888889,-81.2404444444444,"","","NM","M","C",NA,NA,NA,NA,14,15,"NM1MC_15",NA,NA
"Fell_et_al_2021","GTMNERRSouthern","NM1MC",29,30,"NM1MC_30",0.724079807324779,0.063,"EA",0.29,0.3,"individual",2018,5,23,29.7273138888889,-81.2404444444444,"handheld",0.442711111,"NAVD88","RTK-GPS",NA,NA,"scrub shrub","field observation","low","field observation","core depth limited by length of corer","marsh",29.7273138888889,-81.2404444444444,"114","NM1MC ","NM","M","C",30,1.1329928,0.458108085,NA,29,30,"NM1MC_30",0.724079807,0.063
"Fell_et_al_2021","GTMNERRSouthern","NM2MC",4,5,"NM2MC_5",0.6318924867563,0.052,"EA",0.04,0.05,"individual",2018,5,23,29.7272222222222,-81.2399666666667,"handheld",0.4916555556,"NAVD88","RTK-GPS",NA,NA,"scrub shrub","field observation","low","field observation","core depth limited by length of corer","marsh",29.7272222222222,-81.2399666666667,"115","NM2MC_OL.15","NM","M","C",5,2.33486,0.324492167,NA,4,5,"NM2MC_5",0.631892487,0.052
"Fell_et_al_2021","GTMNERRSouthern","NM2MC",14,15,"NM2MC_15",0.809214849235189,0.113,"EA",0.14,0.15,"individual",2018,5,23,29.7272222222222,-81.2399666666667,"handheld",0.4916555556,"NAVD88","RTK-GPS",NA,NA,"scrub shrub","field observation","low","field observation","core depth limited by length of corer","marsh",29.7272222222222,-81.2399666666667,"117","NM2MC_OL.15","NM","M","C",15,2.6702648,1.058386154,NA,14,15,"NM2MC_15",0.809214849,0.113
"Fell_et_al_2021","GTMNERRSouthern","NM2MC",29,30,"NM2MC_30",0.993519893451107,0.091,"EA",0.29,0.3,"individual",2018,5,23,29.7272222222222,-81.2399666666667,"handheld",0.4916555556,"NAVD88","RTK-GPS",NA,NA,"scrub shrub","field observation","low","field observation","core depth limited by length of corer","marsh",29.7272222222222,-81.2399666666667,"120","NM2MC","NM","M","C",30,2.69718,0.65178602,NA,29,30,"NM2MC_30",0.993519893,0.091
"Fell_et_al_2021","GTMNERRSouthern","NM3MC",4,5,"NM3MC_5",0.661294956180225,0.042,"EA",0.04,0.05,"individual",2018,5,23,29.7271055555556,-81.2400055555556,"handheld",0.494111111,"NAVD88","RTK-GPS","saline","measurement","scrub shrub","field observation","low","field observation","core depth limited by length of corer","marsh",29.7271055555556,-81.2400055555556,"121","NM3MC_OL.20","NM","M","C",5,2.396972,0.348314188,NA,4,5,"NM3MC_5",0.661294956,0.042
"Fell_et_al_2021","GTMNERRSouthern","NM3MC",14,15,"NM3MC_15",0.775383433150775,0.075,"EA",0.14,0.15,"individual",2018,5,23,29.7271055555556,-81.2400055555556,"handheld",0.494111111,"NAVD88","RTK-GPS","saline","measurement","scrub shrub","field observation","low","field observation","core depth limited by length of corer","marsh",29.7271055555556,-81.2400055555556,"123","NM3MC_OL.20","NM","M","C",15,2.6174696,0.72758453,NA,14,15,"NM3MC_15",0.775383433,0.075
"Fell_et_al_2021","GTMNERRSouthern","NM3MC",29,30,"NM3MC_30",0.726495563137336,0.041,"EA",0.29,0.3,"individual",2018,5,23,29.7271055555556,-81.2400055555556,"handheld",0.494111111,"NAVD88","RTK-GPS","saline","measurement","scrub shrub","field observation","low","field observation","core depth limited by length of corer","marsh",29.7271055555556,-81.2400055555556,"126","NM3MC ","NM","M","C",30,2.3483176,0.3088182,NA,29,30,"NM3MC_30",0.726495563,0.041
"Fell_et_al_2021","GTMNERRSouthern","NM4MC",4,5,"NM4MC_5",0.788758379382947,0.058,"EA",0.04,0.05,"individual",2018,5,23,29.7276222222222,-81.2398944444444,"handheld",0.491077778,"NAVD88","RTK-GPS","saline","measurement","scrub shrub","field observation","low","field observation","core depth limited by length of corer","marsh",29.7276222222222,-81.2398944444444,"127","NM4MC","NM","M","C",5,1.115277,0.459703982,NA,4,5,"NM4MC_5",0.788758379,0.058
"Fell_et_al_2021","GTMNERRSouthern","NM4MC",14,15,"NM4MC_15",0.80643143345673,0.069,"EA",0.14,0.15,"individual",2018,5,23,29.7276222222222,-81.2398944444444,"handheld",0.491077778,"NAVD88","RTK-GPS","saline","measurement","scrub shrub","field observation","low","field observation","core depth limited by length of corer","marsh",29.7276222222222,-81.2398944444444,"129","NM4MC","NM","M","C",15,1.5848115,0.461137397,NA,14,15,"NM4MC_15",0.806431433,0.069
"Fell_et_al_2021","GTMNERRSouthern","NM4MC",29,30,"NM4MC_30",0.536174427443572,NA,"EA",0.29,0.3,"individual",2018,5,23,29.7276222222222,-81.2398944444444,"handheld",0.491077778,"NAVD88","RTK-GPS","saline","measurement","scrub shrub","field observation","low","field observation","core depth limited by length of corer","marsh",29.7276222222222,-81.2398944444444,"132","NM4MC","NM","M","C",30,-0.0336776,0.074844301,NA,29,30,"NM4MC_30",0.536174427,NA
"Fell_et_al_2021","GTMNERRSouthern","NM5MC",4,5,"NM5MC_5",0.697847555176622,0.092,"EA",0.04,0.05,"individual",2018,5,23,29.7274638888889,-81.2403305555556,"handheld",0.4739888889,"NAVD88","RTK-GPS",NA,NA,"scrub shrub","field observation","low","field observation","core depth limited by length of corer","marsh",29.7274638888889,-81.2403305555556,"133","NM5MC","NM","M","C",5,2.3793736,0.588670885,NA,4,5,"NM5MC_5",0.697847555,0.092
"Fell_et_al_2021","GTMNERRSouthern","NM5MC",14,15,"NM5MC_15",0.706874443619176,0.096,"EA",0.14,0.15,"individual",2018,5,23,29.7274638888889,-81.2403305555556,"handheld",0.4739888889,"NAVD88","RTK-GPS",NA,NA,"scrub shrub","field observation","low","field observation","core depth limited by length of corer","marsh",29.7274638888889,-81.2403305555556,"135","NM5MC","NM","M","C",15,2.9673672,0.859479661,NA,14,15,"NM5MC_15",0.706874444,0.096
"Fell_et_al_2021","GTMNERRSouthern","NM5MC",29,30,"NM5MC_30",0.830010600075974,0.05,"EA",0.29,0.3,"individual",2018,5,23,29.7274638888889,-81.2403305555556,"handheld",0.4739888889,"NAVD88","RTK-GPS",NA,NA,"scrub shrub","field observation","low","field observation","core depth limited by length of corer","marsh",29.7274638888889,-81.2403305555556,"138","NM5MC","NM","M","C",30,1.4973832,0.347982364,NA,29,30,"NM5MC_30",0.8300106,0.05
"Fell_et_al_2021","GTMNERRSouthern","NM6MC",4,5,"NM6MC_5",0.746142090314959,0.083,"EA",0.04,0.05,"individual",2018,5,23,29.7271444444444,-81.2403861111111,"handheld",0.486111111,"NAVD88","RTK-GPS","saline","measurement","scrub shrub","field observation","low","field observation","core depth limited by length of corer","marsh",29.7271444444444,-81.2403861111111,"139","NM6MC_OL.10","NM","M","C",5,2.9311352,0.745091753,NA,4,5,"NM6MC_5",0.74614209,0.083
"Fell_et_al_2021","GTMNERRSouthern","NM6MC",14,15,"NM6MC_15",0.751788422116899,0.089,"EA",0.14,0.15,"individual",2018,5,23,29.7271444444444,-81.2403861111111,"handheld",0.486111111,"NAVD88","RTK-GPS","saline","measurement","scrub shrub","field observation","low","field observation","core depth limited by length of corer","marsh",29.7271444444444,-81.2403861111111,"141","NM6MC_OL.10","NM","M","C",15,3.21478,0.839851279,NA,14,15,"NM6MC_15",0.751788422,0.089
"Fell_et_al_2021","GTMNERRSouthern","NM6MC",29,30,"NM6MC_30",0.601724628396011,0.039,"EA",0.29,0.3,"individual",2018,5,23,29.7271444444444,-81.2403861111111,"handheld",0.486111111,"NAVD88","RTK-GPS","saline","measurement","scrub shrub","field observation","low","field observation","core depth limited by length of corer","marsh",29.7271444444444,-81.2403861111111,"144","NM6MC","NM","M","C",30,1.2415225,0.261489861,NA,29,30,"NM6MC_30",0.601724628,0.039
"Fell_et_al_2021","GTMNERRMiddle","GC1GW",4,5,"GC1GW_5",0.719240783054013,0.076,"EA",0.04,0.05,"individual",2018,5,24,29.8359233389697,-81.2950067263765,"handheld",0.59302222,"NAVD88","RTK-GPS",NA,NA,"emergent","field observation","low","field observation","core depth limited by length of corer","marsh",29.8359233389697,-81.2950067263765,"145","GC1GW_OL.15","GC","G","W",5,3.551052,0.528409203,NA,4,5,"GC1GW_5",0.719240783,0.076
"Fell_et_al_2021","GTMNERRMiddle","GC1GW",14,15,"GC1GW_15",0.716693644718374,0.082,"EA",0.14,0.15,"individual",2018,5,24,29.8359233389697,-81.2950067263765,"handheld",0.59302222,"NAVD88","RTK-GPS",NA,NA,"emergent","field observation","low","field observation","core depth limited by length of corer","marsh",29.8359233389697,-81.2950067263765,"147","GC1GW_OL.15","GC","G","W",15,3.559344,0.49528759,NA,14,15,"GC1GW_15",0.716693645,0.082
"Fell_et_al_2021","GTMNERRMiddle","GC1GW",29,30,"GC1GW_30",0.52775069851685,0.017,"EA",0.29,0.3,"individual",2018,5,24,29.8359233389697,-81.2950067263765,"handheld",0.59302222,"NAVD88","RTK-GPS",NA,NA,"emergent","field observation","low","field observation","core depth limited by length of corer","marsh",29.8359233389697,-81.2950067263765,"150","GC1GW","GC","G","W",30,-0.403244,0.108122973,NA,29,30,"GC1GW_30",0.527750699,0.017
"Fell_et_al_2021","GTMNERRMiddle","GC2GW",4,5,"GC2GW_5",0.67509943431049,0.036,"EA",0.04,0.05,"individual",2018,5,24,29.8362147531435,-81.2952685737373,"handheld",0.62724444,"NAVD88","RTK-GPS",NA,NA,"emergent","field observation","low","field observation","core depth limited by length of corer","marsh",29.8362147531435,-81.2952685737373,"151","GC2GW ","GC","G","W",5,4.3648872,0.321181826,NA,4,5,"GC2GW_5",0.675099434,0.036
"Fell_et_al_2021","GTMNERRMiddle","GC2GW",14,15,"GC2GW_15",0.563322105538269,0.02,"EA",0.14,0.15,"individual",2018,5,24,29.8362147531435,-81.2952685737373,"handheld",0.62724444,"NAVD88","RTK-GPS",NA,NA,"emergent","field observation","low","field observation","core depth limited by length of corer","marsh",29.8362147531435,-81.2952685737373,"153","GC2GW","GC","G","W",15,3.4652984,0.180882169,NA,14,15,"GC2GW_15",0.563322106,0.02
"Fell_et_al_2021","GTMNERRMiddle","GC2GW",29,30,"GC2GW_30",0.639080370828912,0.021,"EA",0.29,0.3,"individual",2018,5,24,29.8362147531435,-81.2952685737373,"handheld",0.62724444,"NAVD88","RTK-GPS",NA,NA,"emergent","field observation","low","field observation","core depth limited by length of corer","marsh",29.8362147531435,-81.2952685737373,"156","GC2GW","GC","G","W",30,3.194496,0.188309554,NA,29,30,"GC2GW_30",0.639080371,0.021
"Fell_et_al_2021","GTMNERRMiddle","GC3GW",4,5,"GC3GW_5",0.660487792677393,0.067,"EA",0.04,0.05,"individual",2018,5,24,29.8360158531999,-81.2950103185041,"handheld",0.5940555556,"NAVD88","RTK-GPS",NA,NA,"emergent","field observation","low","field observation","core depth limited by length of corer","marsh",29.8360158531999,-81.2950103185041,"157","GC3GW_OL.15","GC","G","W",5,2.842086,0.399677741,NA,4,5,"GC3GW_5",0.660487793,0.067
"Fell_et_al_2021","GTMNERRMiddle","GC3GW",14,15,"GC3GW_15",0.663374269686128,0.07,"EA",0.14,0.15,"individual",2018,5,24,29.8360158531999,-81.2950103185041,"handheld",0.5940555556,"NAVD88","RTK-GPS",NA,NA,"emergent","field observation","low","field observation","core depth limited by length of corer","marsh",29.8360158531999,-81.2950103185041,"159","GC3GW_OL.15","GC","G","W",15,3.451548,0.575673726,NA,14,15,"GC3GW_15",0.66337427,0.07
"Fell_et_al_2021","GTMNERRMiddle","GC3GW",29,30,"GC3GW_30",0.828992125585435,0.048,"EA",0.29,0.3,"individual",2018,5,24,29.8360158531999,-81.2950103185041,"handheld",0.5940555556,"NAVD88","RTK-GPS",NA,NA,"emergent","field observation","low","field observation","core depth limited by length of corer","marsh",29.8360158531999,-81.2950103185041,"162","GC3GW ","GC","G","W",30,2.0004904,0.308085011,NA,29,30,"GC3GW_30",0.828992126,0.048
"Fell_et_al_2021","GTMNERRMiddle","GC4GW",4,5,"GC4GW_5",0.799755503054437,0.101,"EA",0.04,0.05,"individual",2018,5,24,29.8356762151292,-81.294791969267,"handheld",0.578511111,"NAVD88","RTK-GPS","saline","measurement","emergent","field observation","low","field observation","core depth limited by length of corer","marsh",29.8356762151292,-81.294791969267,"163","GC4GW","GC","G","W",5,3.3054015,0.765295311,NA,4,5,"GC4GW_5",0.799755503,0.101
"Fell_et_al_2021","GTMNERRMiddle","GC4GW",14,15,"GC4GW_15",0.707696419447392,0.057,"EA",0.14,0.15,"individual",2018,5,24,29.8356762151292,-81.294791969267,"handheld",0.578511111,"NAVD88","RTK-GPS","saline","measurement","emergent","field observation","low","field observation","core depth limited by length of corer","marsh",29.8356762151292,-81.294791969267,"165","GC4GW","GC","G","W",15,2.4782745,0.434751862,NA,14,15,"GC4GW_15",0.707696419,0.057
"Fell_et_al_2021","GTMNERRMiddle","GC4GW",29,30,"GC4GW_30",0.369284719219868,NA,"EA",0.29,0.3,"individual",2018,5,24,29.8356762151292,-81.294791969267,"handheld",0.578511111,"NAVD88","RTK-GPS","saline","measurement","emergent","field observation","low","field observation","core depth limited by length of corer","marsh",29.8356762151292,-81.294791969267,"168","GC4GW","GC","G","W",30,-2.8183656,0.052893551,NA,29,30,"GC4GW_30",0.369284719,NA
"Fell_et_al_2021","GTMNERRMiddle","GC5GW",4,5,"GC5GW_5",0.633145462406163,0.034,"EA",0.04,0.05,"individual",2018,5,24,29.8363357149886,-81.2952038301478,"handheld",0.63806667,"NAVD88","RTK-GPS",NA,NA,"emergent","field observation","low","field observation","core depth limited by length of corer","marsh",29.8363357149886,-81.2952038301478,"169","GC5GW_O.20","GC","G","W",5,4.629012,0.322074021,NA,4,5,"GC5GW_5",0.633145462,0.034
"Fell_et_al_2021","GTMNERRMiddle","GC5GW",14,15,"GC5GW_15",0.610533124463085,0.026,"EA",0.14,0.15,"individual",2018,5,24,29.8363357149886,-81.2952038301478,"handheld",0.63806667,"NAVD88","RTK-GPS",NA,NA,"emergent","field observation","low","field observation","core depth limited by length of corer","marsh",29.8363357149886,-81.2952038301478,"171","GC5GW_O.20","GC","G","W",15,3.7054905,0.221726394,NA,14,15,"GC5GW_15",0.610533124,0.026
"Fell_et_al_2021","GTMNERRMiddle","GC5GW",29,30,"GC5GW_30",0.614655807856709,0.02,"EA",0.29,0.3,"individual",2018,5,24,29.8363357149886,-81.2952038301478,"handheld",0.63806667,"NAVD88","RTK-GPS",NA,NA,"emergent","field observation","low","field observation","core depth limited by length of corer","marsh",29.8363357149886,-81.2952038301478,"174","GC5GW   ","GC","G","W",30,2.3214024,0.17102357,NA,29,30,"GC5GW_30",0.614655808,0.02
"Fell_et_al_2021","GTMNERRMiddle","GC6GW",4,5,"GC6GW_5",0.722546953694814,0.081,"EA",0.04,0.05,"individual",2018,5,24,29.8357122219961,-81.2949989415262,"handheld",0.577977778,"NAVD88","RTK-GPS",NA,NA,"emergent","field observation","low","field observation","core depth limited by length of corer","marsh",29.8357122219961,-81.2949989415262,"175","GC6GW_O.15cm","GC","G","W",5,2.929152,0.562845971,NA,4,5,"GC6GW_5",0.722546954,0.081
"Fell_et_al_2021","GTMNERRMiddle","GC6GW",14,15,"GC6GW_15",0.716026969836434,0.084,"EA",0.14,0.15,"individual",2018,5,24,29.8357122219961,-81.2949989415262,"handheld",0.577977778,"NAVD88","RTK-GPS",NA,NA,"emergent","field observation","low","field observation","core depth limited by length of corer","marsh",29.8357122219961,-81.2949989415262,"177","GC6GW_O.15cm","GC","G","W",15,2.0159955,0.500338759,NA,14,15,"GC6GW_15",0.71602697,0.084
"Fell_et_al_2021","GTMNERRMiddle","GC6GW",29,30,"GC6GW_30",0.720004818955927,0.041,"EA",0.29,0.3,"individual",2018,5,24,29.8357122219961,-81.2949989415262,"handheld",0.577977778,"NAVD88","RTK-GPS",NA,NA,"emergent","field observation","low","field observation","core depth limited by length of corer","marsh",29.8357122219961,-81.2949989415262,"180","GC6GW ","GC","G","W",30,0.1164264,0.216533647,NA,29,30,"GC6GW_30",0.720004819,0.041
"Fell_et_al_2021","GTMNERRMiddle","GC1GC",4,5,"GC1GC_5",0.788765095412516,0.085,"EA",0.04,0.05,"individual",2018,5,24,29.8360414048373,-81.2951397806209,"handheld",0.6101222,"NAVD88","RTK-GPS",NA,NA,"emergent","field observation","low","field observation","core depth limited by length of corer","marsh",29.8360414048373,-81.2951397806209,"181","GC1GC OLayer13","GC","G","C",5,4.1350728,0.581508461,NA,4,5,"GC1GC_5",0.788765095,0.085
"Fell_et_al_2021","GTMNERRMiddle","GC1GC",14,15,"GC1GC_15",0.701187735928051,0.047,"EA",0.14,0.15,"individual",2018,5,24,29.8360414048373,-81.2951397806209,"handheld",0.6101222,"NAVD88","RTK-GPS",NA,NA,"emergent","field observation","low","field observation","core depth limited by length of corer","marsh",29.8360414048373,-81.2951397806209,"183","GC1GC OLayer13","GC","G","C",15,2.6754408,0.321942368,NA,14,15,"GC1GC_15",0.701187736,0.047
"Fell_et_al_2021","GTMNERRMiddle","GC1GC",29,30,"GC1GC_30",0.690513993671486,0.031,"EA",0.29,0.3,"individual",2018,5,24,29.8360414048373,-81.2951397806209,"handheld",0.6101222,"NAVD88","RTK-GPS",NA,NA,"emergent","field observation","low","field observation","core depth limited by length of corer","marsh",29.8360414048373,-81.2951397806209,"186","GC1GC","GC","G","C",30,3.0739928,0.207200106,NA,29,30,"GC1GC_30",0.690513994,0.031
"Fell_et_al_2021","GTMNERRMiddle","GC2GC",4,5,"GC2GC_5",0.67022409092061,0.042,"EA",0.04,0.05,"individual",2018,5,24,29.8361680059335,-81.2952703486905,"handheld",0.6101625,"NAVD88","RTK-GPS",NA,NA,"emergent","field observation","low","field observation","core depth limited by length of corer","marsh",29.8361680059335,-81.2952703486905,"187","GC2GC_OL.20","GC","G","C",5,3.9269976,0.401847483,NA,4,5,"GC2GC_5",0.670224091,0.042
"Fell_et_al_2021","GTMNERRMiddle","GC2GC",14,15,"GC2GC_15",0.71447364883874,0.047,"EA",0.14,0.15,"individual",2018,5,24,29.8361680059335,-81.2952703486905,"handheld",0.6101625,"NAVD88","RTK-GPS",NA,NA,"emergent","field observation","low","field observation","core depth limited by length of corer","marsh",29.8361680059335,-81.2952703486905,"189","GC2GC_OL.20","GC","G","C",15,3.9207864,0.348535932,NA,14,15,"GC2GC_15",0.714473649,0.047
"Fell_et_al_2021","GTMNERRMiddle","GC2GC",29,30,"GC2GC_30",0.459722347691219,0.019,"EA",0.29,0.3,"individual",2018,5,24,29.8361680059335,-81.2952703486905,"handheld",0.6101625,"NAVD88","RTK-GPS",NA,NA,"emergent","field observation","low","field observation","core depth limited by length of corer","marsh",29.8361680059335,-81.2952703486905,"192","GC2GC ","GC","G","C",30,-1.780355,0.115665994,NA,29,30,"GC2GC_30",0.459722348,0.019
"Fell_et_al_2021","GTMNERRMiddle","GC3GC",4,5,"GC3GC_5",NA,NA,"EA",0.04,0.05,"individual",2018,5,24,29.8360556816165,-81.2949550970361,"handheld",0.5708556,"NAVD88","RTK-GPS",NA,NA,"emergent","field observation","low","field observation","core depth limited by length of corer","marsh",29.8360556816165,-81.2949550970361,"","","GC","G","C",NA,NA,NA,NA,4,5,"GC3GC_5",NA,NA
"Fell_et_al_2021","GTMNERRMiddle","GC3GC",14,15,"GC3GC_15",NA,NA,"EA",0.14,0.15,"individual",2018,5,24,29.8360556816165,-81.2949550970361,"handheld",0.5708556,"NAVD88","RTK-GPS",NA,NA,"emergent","field observation","low","field observation","core depth limited by length of corer","marsh",29.8360556816165,-81.2949550970361,"","","GC","G","C",NA,NA,NA,NA,14,15,"GC3GC_15",NA,NA
"Fell_et_al_2021","GTMNERRMiddle","GC3GC",29,30,"GC3GC_30",0.57204945914336,0.017,"EA",0.29,0.3,"individual",2018,5,24,29.8360556816165,-81.2949550970361,"handheld",0.5708556,"NAVD88","RTK-GPS",NA,NA,"emergent","field observation","low","field observation","core depth limited by length of corer","marsh",29.8360556816165,-81.2949550970361,"198","GC3GC","GC","G","C",30,0.9539032,0.110454912,NA,29,30,"GC3GC_30",0.572049459,0.017
"Fell_et_al_2021","GTMNERRMiddle","GC4GC",4,5,"GC4GC_5",0.781924157935973,0.111,"EA",0.04,0.05,"individual",2018,5,24,29.8356912655632,-81.294861694199,"handheld",0.5788555556,"NAVD88","RTK-GPS","saline","measurement","emergent","field observation","low","field observation","core depth limited by length of corer","marsh",29.8356912655632,-81.294861694199,"199","GC4GC","GC","G","C",5,2.3855848,0.671266497,NA,4,5,"GC4GC_5",0.781924158,0.111
"Fell_et_al_2021","GTMNERRMiddle","GC4GC",14,15,"GC4GC_15",0.737915610786696,0.112,"EA",0.14,0.15,"individual",2018,5,24,29.8356912655632,-81.294861694199,"handheld",0.5788555556,"NAVD88","RTK-GPS","saline","measurement","emergent","field observation","low","field observation","core depth limited by length of corer","marsh",29.8356912655632,-81.294861694199,"201","GC4GC","GC","G","C",15,2.5532872,0.799252661,NA,14,15,"GC4GC_15",0.737915611,0.112
"Fell_et_al_2021","GTMNERRMiddle","GC4GC",20,30,"GC4GC_30",NA,0.044,"EA",0.2,0.3,"individual",2018,5,24,29.8356912655632,-81.294861694199,"handheld",0.5788555556,"NAVD88","RTK-GPS","saline","measurement","emergent","field observation","low","field observation","core depth limited by length of corer","marsh",29.8356912655632,-81.294861694199,"204","GC4GC","GC","G","C",30,1.0242968,0.270041024,NA,20,30,"GC4GC_30",NA,0.044
"Fell_et_al_2021","GTMNERRMiddle","GC5GC",4,5,"GC5GC_5",0.714580876023619,0.026,"EA",0.04,0.05,"individual",2018,5,24,29.8363713883048,-81.2952403804175,"handheld",0.64087778,"NAVD88","RTK-GPS","saline","measurement","emergent","field observation","low","field observation","core depth limited by length of corer","marsh",29.8363713883048,-81.2952403804175,"205","GC5GC","GC","G","C",5,4.0226595,0.271302655,NA,4,5,"GC5GC_5",0.714580876,0.026
"Fell_et_al_2021","GTMNERRMiddle","GC5GC",14,15,"GC5GC_15",0.328625416343945,0.006,"EA",0.14,0.15,"individual",2018,5,24,29.8363713883048,-81.2952403804175,"handheld",0.64087778,"NAVD88","RTK-GPS","saline","measurement","emergent","field observation","low","field observation","core depth limited by length of corer","marsh",29.8363713883048,-81.2952403804175,"207","GC5GC","GC","G","C",15,-1.7278425,0.05097443,NA,14,15,"GC5GC_15",0.328625416,0.006
"Fell_et_al_2021","GTMNERRMiddle","GC5GC",29,30,"GC5GC_30",0.61272791587613,0.016,"EA",0.29,0.3,"individual",2018,5,24,29.8363713883048,-81.2952403804175,"handheld",0.64087778,"NAVD88","RTK-GPS","saline","measurement","emergent","field observation","low","field observation","core depth limited by length of corer","marsh",29.8363713883048,-81.2952403804175,"210","GC5GC","GC","G","C",30,2.5708856,0.141438204,NA,29,30,"GC5GC_30",0.612727916,0.016
"Fell_et_al_2021","GTMNERRMiddle","GC6GC",4,5,"GC6GC_5",0.699526339783108,0.086,"EA",0.04,0.05,"individual",2018,5,24,29.8356647218424,-81.2949539524034,"handheld",0.580144444,"NAVD88","RTK-GPS","saline","measurement","emergent","field observation","low","field observation","core depth limited by length of corer","marsh",29.8356647218424,-81.2949539524034,"211","GC6GC_OL.10","GC","G","C",5,2.4425208,0.51034042,NA,4,5,"GC6GC_5",0.69952634,0.086
"Fell_et_al_2021","GTMNERRMiddle","GC6GC",14,15,"GC6GC_15",0.55383440221877,0.1,"EA",0.14,0.15,"individual",2018,5,24,29.8356647218424,-81.2949539524034,"handheld",0.580144444,"NAVD88","RTK-GPS","saline","measurement","emergent","field observation","low","field observation","core depth limited by length of corer","marsh",29.8356647218424,-81.2949539524034,"213","GC6GC_OL.10","GC","G","C",15,2.98186,0.671885216,NA,14,15,"GC6GC_15",0.553834402,0.1
"Fell_et_al_2021","GTMNERRMiddle","GC6GC",29,30,"GC6GC_30",0.822933716243088,0.089,"EA",0.29,0.3,"individual",2018,5,24,29.8356647218424,-81.2949539524034,"handheld",0.580144444,"NAVD88","RTK-GPS","saline","measurement","emergent","field observation","low","field observation","core depth limited by length of corer","marsh",29.8356647218424,-81.2949539524034,"216","GC6GC","GC","G","C",30,1.8421048,0.488302402,NA,29,30,"GC6GC_30",0.822933716,0.089
"Fell_et_al_2021","GTMNERRMiddle","GC1MW",4,5,"GC1MW_5",0.831159780459972,0.032,"EA",0.04,0.05,"individual",2018,5,24,29.8359092620841,-81.2950997455404,"handheld",0.6004111111,"NAVD88","RTK-GPS",NA,NA,"emergent","field observation","low","field observation","core depth limited by length of corer","marsh",29.8359092620841,-81.2950997455404,"217","GC1MW","GC","M","W",5,1.3277595,0.189773701,NA,4,5,"GC1MW_5",0.83115978,0.032
"Fell_et_al_2021","GTMNERRMiddle","GC1MW",14,15,"GC1MW_15",0.600050949727313,0.023,"EA",0.14,0.15,"individual",2018,5,24,29.8359092620841,-81.2950997455404,"handheld",0.6004111111,"NAVD88","RTK-GPS",NA,NA,"emergent","field observation","low","field observation","core depth limited by length of corer","marsh",29.8359092620841,-81.2950997455404,"219","GC1MW","GC","M","W",15,0.418749,0.141688149,NA,14,15,"GC1MW_15",0.60005095,0.023
"Fell_et_al_2021","GTMNERRMiddle","GC1MW",29,30,"GC1MW_30",0.78563297618536,0.059,"EA",0.29,0.3,"individual",2018,5,24,29.8359092620841,-81.2950997455404,"handheld",0.6004111111,"NAVD88","RTK-GPS",NA,NA,"emergent","field observation","low","field observation","core depth limited by length of corer","marsh",29.8359092620841,-81.2950997455404,"222","GC1MW","GC","M","W",30,3.1247176,0.390908652,NA,29,30,"GC1MW_30",0.785632976,0.059
"Fell_et_al_2021","GTMNERRMiddle","GC2MW",4,5,"GC2MW_5",0.669875829709316,0.041,"EA",0.04,0.05,"individual",2018,5,24,29.8360919884264,-81.2952886388623,"handheld",0.598977778,"NAVD88","RTK-GPS",NA,NA,"emergent","field observation","low","field observation","core depth limited by length of corer","marsh",29.8360919884264,-81.2952886388623,"223","GC2MW","GC","M","W",5,4.570968,0.358167608,NA,4,5,"GC2MW_5",0.66987583,0.041
"Fell_et_al_2021","GTMNERRMiddle","GC2MW",14,15,"GC2MW_15",0.780172772434721,0.072,"EA",0.14,0.15,"individual",2018,5,24,29.8360919884264,-81.2952886388623,"handheld",0.598977778,"NAVD88","RTK-GPS",NA,NA,"emergent","field observation","low","field observation","core depth limited by length of corer","marsh",29.8360919884264,-81.2952886388623,"225","GC2MW","GC","M","W",15,3.718965,0.455028502,NA,14,15,"GC2MW_15",0.780172772,0.072
"Fell_et_al_2021","GTMNERRMiddle","GC2MW",29,30,"GC2MW_30",0.752512826475303,0.033,"EA",0.29,0.3,"individual",2018,5,24,29.8360919884264,-81.2952886388623,"handheld",0.598977778,"NAVD88","RTK-GPS",NA,NA,"emergent","field observation","low","field observation","core depth limited by length of corer","marsh",29.8360919884264,-81.2952886388623,"228","GC2MW","GC","M","W",30,1.2955192,0.222073929,NA,29,30,"GC2MW_30",0.752512826,0.033
"Fell_et_al_2021","GTMNERRMiddle","GC3MW",4,5,"GC3MW_5",0.731928652394584,0.061,"EA",0.04,0.05,"individual",2018,5,24,29.8360356579636,-81.2948710191838,"handheld",0.5698111111,"NAVD88","RTK-GPS",NA,NA,"emergent","field observation","low","field observation","core depth limited by length of corer","marsh",29.8360356579636,-81.2948710191838,"229","GC3MW","GC","M","W",5,3.654702,0.524019323,NA,4,5,"GC3MW_5",0.731928652,0.061
"Fell_et_al_2021","GTMNERRMiddle","GC3MW",14,15,"GC3MW_15",0.64559407302598,0.04,"EA",0.14,0.15,"individual",2018,5,24,29.8360356579636,-81.2948710191838,"handheld",0.5698111111,"NAVD88","RTK-GPS",NA,NA,"emergent","field observation","low","field observation","core depth limited by length of corer","marsh",29.8360356579636,-81.2948710191838,"231","GC3MW","GC","M","W",15,2.5674135,0.31306314,NA,14,15,"GC3MW_15",0.645594073,0.04
"Fell_et_al_2021","GTMNERRMiddle","GC3MW",29,30,"GC3MW_30",0.686938450654404,0.033,"EA",0.29,0.3,"individual",2018,5,24,29.8360356579636,-81.2948710191838,"handheld",0.5698111111,"NAVD88","RTK-GPS",NA,NA,"emergent","field observation","low","field observation","core depth limited by length of corer","marsh",29.8360356579636,-81.2948710191838,"234","GC3MW","GC","M","W",30,0.269636,0.17027072,NA,29,30,"GC3MW_30",0.686938451,0.033
"Fell_et_al_2021","GTMNERRMiddle","GC4MW",4,5,"GC4MW_5",0.584741416580944,0.084,"EA",0.04,0.05,"individual",2018,5,24,29.8357837562538,-81.2947579412059,"handheld",0.5581777778,"NAVD88","RTK-GPS","saline","measurement","emergent","field observation","low","field observation","core depth limited by length of corer","marsh",29.8357837562538,-81.2947579412059,"235","GC4MW_O.15cm","GC","M","W",5,1.8916155,0.533533435,NA,4,5,"GC4MW_5",0.584741417,0.084
"Fell_et_al_2021","GTMNERRMiddle","GC4MW",14,15,"GC4MW_15",0.577066152483868,0.081,"EA",0.14,0.15,"individual",2018,5,24,29.8357837562538,-81.2947579412059,"handheld",0.5581777778,"NAVD88","RTK-GPS","saline","measurement","emergent","field observation","low","field observation","core depth limited by length of corer","marsh",29.8357837562538,-81.2947579412059,"237","GC4MW","GC","M","W",15,2.338347,0.61387906,NA,14,15,"GC4MW_15",0.577066152,0.081
"Fell_et_al_2021","GTMNERRMiddle","GC4MW",29,30,"GC4MW_30",0.626147859922179,0.035,"EA",0.29,0.3,"individual",2018,5,24,29.8357837562538,-81.2947579412059,"handheld",0.5581777778,"NAVD88","RTK-GPS","saline","measurement","emergent","field observation","low","field observation","core depth limited by length of corer","marsh",29.8357837562538,-81.2947579412059,"240","GC4MW","GC","M","W",30,0.922488,0.221021253,NA,29,30,"GC4MW_30",0.62614786,0.035
"Fell_et_al_2021","GTMNERRMiddle","GC5MW",4,5,"GC5MW_5",0.590804569691729,0.02,"EA",0.04,0.05,"individual",2018,5,24,29.8363144804085,-81.2952835537983,"handheld",0.6525444,"NAVD88","RTK-GPS","saline","measurement","emergent","field observation","low","field observation","core depth limited by length of corer","marsh",29.8363144804085,-81.2952835537983,"241","GC5MW_O.10cm","GC","M","W",5,4.3750695,0.195625223,NA,4,5,"GC5MW_5",0.59080457,0.02
"Fell_et_al_2021","GTMNERRMiddle","GC5MW",14,15,"GC5MW_15",0.609447133486837,0.018,"EA",0.14,0.15,"individual",2018,5,24,29.8363144804085,-81.2952835537983,"handheld",0.6525444,"NAVD88","RTK-GPS","saline","measurement","emergent","field observation","low","field observation","core depth limited by length of corer","marsh",29.8363144804085,-81.2952835537983,"243","GC5MW_O.10cm","GC","M","W",15,4.3854345,0.193527343,NA,14,15,"GC5MW_15",0.609447133,0.018
"Fell_et_al_2021","GTMNERRMiddle","GC5MW",29,30,"GC5MW_30",0.719718217163658,NA,"EA",0.29,0.3,"individual",2018,5,24,29.8363144804085,-81.2952835537983,"handheld",0.6525444,"NAVD88","RTK-GPS","saline","measurement","emergent","field observation","low","field observation","core depth limited by length of corer","marsh",29.8363144804085,-81.2952835537983,"246","GC5MW","GC","M","W",30,4.022236,0.149847151,NA,29,30,"GC5MW_30",0.719718217,NA
"Fell_et_al_2021","GTMNERRMiddle","GC6MW",4,5,"GC6MW_5",0.735813134753043,0.105,"EA",0.04,0.05,"individual",2018,5,24,29.8356619119257,-81.2950724886279,"handheld",0.5777722222,"NAVD88","RTK-GPS","saline","measurement","emergent","field observation","low","field observation","core depth limited by length of corer","marsh",29.8356619119257,-81.2950724886279,"247","GC6MW","GC","M","W",5,2.193237,0.65261083,NA,4,5,"GC6MW_5",0.735813135,0.105
"Fell_et_al_2021","GTMNERRMiddle","GC6MW",14,15,"GC6MW_15",0.717274106651786,0.072,"EA",0.14,0.15,"individual",2018,5,24,29.8356619119257,-81.2950724886279,"handheld",0.5777722222,"NAVD88","RTK-GPS","saline","measurement","emergent","field observation","low","field observation","core depth limited by length of corer","marsh",29.8356619119257,-81.2950724886279,"249","GC6MW","GC","M","W",15,2.172507,0.474398776,NA,14,15,"GC6MW_15",0.717274107,0.072
"Fell_et_al_2021","GTMNERRMiddle","GC6MW",29,30,"GC6MW_30",0.810737643844689,0.057,"EA",0.29,0.3,"individual",2018,5,24,29.8356619119257,-81.2950724886279,"handheld",0.5777722222,"NAVD88","RTK-GPS","saline","measurement","emergent","field observation","low","field observation","core depth limited by length of corer","marsh",29.8356619119257,-81.2950724886279,"252","GC6MW","GC","M","W",30,1.5149816,0.320483438,NA,29,30,"GC6MW_30",0.810737644,0.057
"Fell_et_al_2021","GTMNERRMiddle","GC1MC",4,5,"GC1MC_5",0.70156670348735,0.077,"EA",0.04,0.05,"individual",2018,5,24,29.8359663598718,-81.2949548556527,"handheld",0.5870111111,"NAVD88","RTK-GPS",NA,NA,"emergent","field observation","low","field observation","core depth limited by length of corer","marsh",29.8359663598718,-81.2949548556527,"253","GC1MC","GC","M","C",5,2.479311,0.417296123,NA,4,5,"GC1MC_5",0.701566703,0.077
"Fell_et_al_2021","GTMNERRMiddle","GC1MC",14,15,"GC1MC_15",0.709831670440248,0.103,"EA",0.14,0.15,"individual",2018,5,24,29.8359663598718,-81.2949548556527,"handheld",0.5870111111,"NAVD88","RTK-GPS",NA,NA,"emergent","field observation","low","field observation","core depth limited by length of corer","marsh",29.8359663598718,-81.2949548556527,"255","GC1MC","GC","M","C",15,3.7531695,0.755339573,NA,14,15,"GC1MC_15",0.70983167,0.103
"Fell_et_al_2021","GTMNERRMiddle","GC1MC",29,30,"GC1MC_30",0.617936712633241,0.023,"EA",0.29,0.3,"individual",2018,5,24,29.8359663598718,-81.2949548556527,"handheld",0.5870111111,"NAVD88","RTK-GPS",NA,NA,"emergent","field observation","low","field observation","core depth limited by length of corer","marsh",29.8359663598718,-81.2949548556527,"258","GC1MC","GC","M","C",30,-0.470532,0.126289486,NA,29,30,"GC1MC_30",0.617936713,0.023
"Fell_et_al_2021","GTMNERRMiddle","GC2MC",4,5,"GC2MC_5",0.730519662174503,0.029,"EA",0.04,0.05,"individual",2018,5,24,29.8361317093907,-81.2952465798016,"handheld",0.6075555556,"NAVD88","RTK-GPS",NA,NA,"emergent","field observation","low","field observation","core depth limited by length of corer","marsh",29.8361317093907,-81.2952465798016,"259","GC2MC","GC","M","C",5,3.42182,0.264754115,NA,4,5,"GC2MC_5",0.730519662,0.029
"Fell_et_al_2021","GTMNERRMiddle","GC2MC",14,15,"GC2MC_15",0.788440578763705,0.037,"EA",0.14,0.15,"individual",2018,5,24,29.8361317093907,-81.2952465798016,"handheld",0.6075555556,"NAVD88","RTK-GPS",NA,NA,"emergent","field observation","low","field observation","core depth limited by length of corer","marsh",29.8361317093907,-81.2952465798016,"261","GC2MC","GC","M","C",15,3.7230632,0.301079285,NA,14,15,"GC2MC_15",0.788440579,0.037
"Fell_et_al_2021","GTMNERRMiddle","GC2MC",29,30,"GC2MC_30",0.559366840397406,0.023,"EA",0.29,0.3,"individual",2018,5,24,29.8361317093907,-81.2952465798016,"handheld",0.6075555556,"NAVD88","RTK-GPS",NA,NA,"emergent","field observation","low","field observation","core depth limited by length of corer","marsh",29.8361317093907,-81.2952465798016,"264","GC2MC","GC","M","C",30,0.9849592,0.170914939,NA,29,30,"GC2MC_30",0.55936684,0.023
"Fell_et_al_2021","GTMNERRMiddle","GC3MC",4,5,"GC3MC_5",0.656685813106047,0.059,"EA",0.04,0.05,"individual",2018,5,24,29.8360075169579,-81.2949050661165,"handheld",0.5835555556,"NAVD88","RTK-GPS",NA,NA,"emergent","field observation","low","field observation","core depth limited by length of corer","marsh",29.8360075169579,-81.2949050661165,"265","GC3MC","GC","M","C",5,3.3773064,0.437921011,NA,4,5,"GC3MC_5",0.656685813,0.059
"Fell_et_al_2021","GTMNERRMiddle","GC3MC",14,15,"GC3MC_15",0.587891731451019,0.086,"EA",0.14,0.15,"individual",2018,5,24,29.8360075169579,-81.2949050661165,"handheld",0.5835555556,"NAVD88","RTK-GPS",NA,NA,"emergent","field observation","low","field observation","core depth limited by length of corer","marsh",29.8360075169579,-81.2949050661165,"267","GC3MC","GC","M","C",15,4.1371432,0.737588009,NA,14,15,"GC3MC_15",0.587891731,0.086
"Fell_et_al_2021","GTMNERRMiddle","GC3MC",29,30,"GC3MC_30",0.900011993774049,0.061,"EA",0.29,0.3,"individual",2018,5,24,29.8360075169579,-81.2949050661165,"handheld",0.5835555556,"NAVD88","RTK-GPS",NA,NA,"emergent","field observation","low","field observation","core depth limited by length of corer","marsh",29.8360075169579,-81.2949050661165,"270","GC3MC","GC","M","C",30,1.951836,0.410262929,NA,29,30,"GC3MC_30",0.900011994,0.061
"Fell_et_al_2021","GTMNERRMiddle","GC4MC",4,5,"GC4MC_5",0.756660191925398,0.107,"EA",0.04,0.05,"individual",2018,5,24,29.8357197444561,-81.2947771431118,"handheld",0.568111111,"NAVD88","RTK-GPS","saline","measurement","emergent","field observation","low","field observation","core depth limited by length of corer","marsh",29.8357197444561,-81.2947771431118,"271","GC4MC","GC","M","C",5,2.428028,0.751042844,NA,4,5,"GC4MC_5",0.756660192,0.107
"Fell_et_al_2021","GTMNERRMiddle","GC4MC",14,15,"GC4MC_15",0.769605261434055,0.141,"EA",0.14,0.15,"individual",2018,5,24,29.8357197444561,-81.2947771431118,"handheld",0.568111111,"NAVD88","RTK-GPS","saline","measurement","emergent","field observation","low","field observation","core depth limited by length of corer","marsh",29.8357197444561,-81.2947771431118,"273","GC4MC","GC","M","C",15,1.8576328,0.763545212,NA,14,15,"GC4MC_15",0.769605261,0.141
"Fell_et_al_2021","GTMNERRMiddle","GC4MC",29,30,"GC4MC_30",0.869128927300133,0.06,"EA",0.29,0.3,"individual",2018,5,24,29.8357197444561,-81.2947771431118,"handheld",0.568111111,"NAVD88","RTK-GPS","saline","measurement","emergent","field observation","low","field observation","core depth limited by length of corer","marsh",29.8357197444561,-81.2947771431118,"276","GC4MC","GC","M","C",30,1.703388,0.438765592,NA,29,30,"GC4MC_30",0.869128927,0.06
"Fell_et_al_2021","GTMNERRMiddle","GC5MC",4,5,"GC5MC_5",0.8001512001512,0.049,"EA",0.04,0.05,"individual",2018,5,24,29.8363838551519,-81.2951849423438,"handheld",0.6394222222,"NAVD88","RTK-GPS","saline","measurement","emergent","field observation","low","field observation","core depth limited by length of corer","marsh",29.8363838551519,-81.2951849423438,"277","GC5MC","GC","M","C",5,4.9866045,0.402920734,NA,4,5,"GC5MC_5",0.8001512,0.049
"Fell_et_al_2021","GTMNERRMiddle","GC5MC",14,15,"GC5MC_15",0.694011790257524,0.027,"EA",0.14,0.15,"individual",2018,5,24,29.8363838551519,-81.2951849423438,"handheld",0.6394222222,"NAVD88","RTK-GPS","saline","measurement","emergent","field observation","low","field observation","core depth limited by length of corer","marsh",29.8363838551519,-81.2951849423438,"279","GC5MC","GC","M","C",15,5.317248,0.267333855,NA,14,15,"GC5MC_15",0.69401179,0.027
"Fell_et_al_2021","GTMNERRMiddle","GC5MC",29,30,"GC5MC_30",0.721041230323523,0.027,"EA",0.29,0.3,"individual",2018,5,24,29.8363838551519,-81.2951849423438,"handheld",0.6394222222,"NAVD88","RTK-GPS","saline","measurement","emergent","field observation","low","field observation","core depth limited by length of corer","marsh",29.8363838551519,-81.2951849423438,"282","GC5MC","GC","M","C",30,3.4135384,0.236746153,NA,29,30,"GC5MC_30",0.72104123,0.027
"Fell_et_al_2021","GTMNERRMiddle","GC6MC",4,5,"GC6MC_5",0.828672410246088,0.11,"EA",0.04,0.05,"individual",2018,5,24,29.8356524975,-81.2950066178421,"handheld",0.5834,"NAVD88","RTK-GPS","saline","measurement","emergent","field observation","low","field observation","core depth limited by length of corer","marsh",29.8356524975,-81.2950066178421,"283","GC6MC_OL.10","GC","M","C",5,1.9073224,0.611957757,NA,4,5,"GC6MC_5",0.82867241,0.11
"Fell_et_al_2021","GTMNERRMiddle","GC6MC",14,15,"GC6MC_15",0.79141940479047,0.105,"EA",0.14,0.15,"individual",2018,5,24,29.8356524975,-81.2950066178421,"handheld",0.5834,"NAVD88","RTK-GPS","saline","measurement","emergent","field observation","low","field observation","core depth limited by length of corer","marsh",29.8356524975,-81.2950066178421,"285","GC6MC_OL.10","GC","M","C",15,2.5905544,0.575150207,NA,14,15,"GC6MC_15",0.791419405,0.105
"Fell_et_al_2021","GTMNERRNorthern","GC6MC",29,30,"GC6MC_30",0.864575500524065,NA,"EA",0.29,0.3,"individual",NA,NA,NA,NA,NA,NA,NA,NA,NA,NA,NA,NA,NA,NA,NA,NA,"marsh",NA,NA,"","","GC","M","C",NA,NA,NA,NA,29,30,"GC6MC_30",0.864575501,NA
"Fell_et_al_2021","GTMNERRNorthern","SG1GW",4,5,"SG1GW_5",0.617596092528356,NA,"EA",0.04,0.05,"individual",2018,5,25,30.0116444444444,-81.3443111111111,"handheld",0.352411,"NAVD88","RTK-GPS",NA,NA,"emergent","field observation","low","field observation","core depth limited by length of corer","marsh",30.0116444444444,-81.3443111111111,"","","SG","G","W",NA,NA,NA,NA,4,5,"SG1GW_5",0.617596093,NA
"Fell_et_al_2021","GTMNERRNorthern","SG1GW",14,15,"SG1GW_15",0.634788208464406,NA,"EA",0.14,0.15,"individual",2018,5,25,30.0116444444444,-81.3443111111111,"handheld",0.352411,"NAVD88","RTK-GPS",NA,NA,"emergent","field observation","low","field observation","core depth limited by length of corer","marsh",30.0116444444444,-81.3443111111111,"","","SG","G","W",NA,NA,NA,NA,14,15,"SG1GW_15",0.634788208,NA
"Fell_et_al_2021","GTMNERRNorthern","SG1GW",29,30,"SG1GW_30",0.693142167260785,0.055,"EA",0.29,0.3,"individual",2018,5,25,30.0116444444444,-81.3443111111111,"handheld",0.352411,"NAVD88","RTK-GPS",NA,NA,"emergent","field observation","low","field observation","core depth limited by length of corer","marsh",30.0116444444444,-81.3443111111111,"294","GTM M5","SG","G","W",30,1.080205,0.32397846,NA,29,30,"SG1GW_30",0.693142167,0.055
"Fell_et_al_2021","GTMNERRNorthern","SG2GW",4,5,"SG2GW_5",0.588479458284906,0.059,"EA",0.04,0.05,"individual",2018,5,25,30.0117694444444,-81.3441666666667,"handheld",0.4500222,"NAVD88","RTK-GPS","estuarine","measurement","emergent","field observation","low","field observation","core depth limited by length of corer","marsh",30.0117694444444,-81.3441666666667,"","","SG","G","W",NA,NA,NA,NA,4,5,"SG2GW_5",0.588479458,0.059
"Fell_et_al_2021","GTMNERRNorthern","SG2GW",14,15,"SG2GW_15",0.533104403257018,0.063,"EA",0.14,0.15,"individual",2018,5,25,30.0117694444444,-81.3441666666667,"handheld",0.4500222,"NAVD88","RTK-GPS","estuarine","measurement","emergent","field observation","low","field observation","core depth limited by length of corer","marsh",30.0117694444444,-81.3441666666667,"","","SG","G","W",NA,NA,NA,NA,14,15,"SG2GW_15",0.533104403,0.063
"Fell_et_al_2021","GTMNERRNorthern","SG2GW",29,30,"SG2GW_30",1.37931847659474,NA,"EA",0.29,0.3,"individual",2018,5,25,30.0117694444444,-81.3441666666667,"handheld",0.4500222,"NAVD88","RTK-GPS","estuarine","measurement","emergent","field observation","low","field observation","core depth limited by length of corer","marsh",30.0117694444444,-81.3441666666667,"","","SG","G","W",NA,NA,NA,NA,29,30,"SG2GW_30",1.379318477,NA
"Fell_et_al_2021","GTMNERRNorthern","SG3GW",4,5,"SG3GW_5",0.564088873464103,0.045,"EA",0.04,0.05,"individual",2018,5,25,30.0117777777778,-81.3442472222222,"handheld",0.4206,"NAVD88","RTK-GPS",NA,NA,"emergent","field observation","low","field observation","core depth limited by length of corer","marsh",30.0117777777778,-81.3442472222222,"301","GTM M3","SG","G","W",5,1.2189175,0.316470072,NA,4,5,"SG3GW_5",0.564088873,0.045
"Fell_et_al_2021","GTMNERRNorthern","SG3GW",14,15,"SG3GW_15",0.545475692468587,0.057,"EA",0.14,0.15,"individual",2018,5,25,30.0117777777778,-81.3442472222222,"handheld",0.4206,"NAVD88","RTK-GPS",NA,NA,"emergent","field observation","low","field observation","core depth limited by length of corer","marsh",30.0117777777778,-81.3442472222222,"303","GTM M3","SG","G","W",15,0.70825,0.337797242,NA,14,15,"SG3GW_15",0.545475692,0.057
"Fell_et_al_2021","GTMNERRNorthern","SG3GW",29,30,"SG3GW_30",0.50248185018613,0.014,"EA",0.29,0.3,"individual",2018,5,25,30.0117777777778,-81.3442472222222,"handheld",0.4206,"NAVD88","RTK-GPS",NA,NA,"emergent","field observation","low","field observation","core depth limited by length of corer","marsh",30.0117777777778,-81.3442472222222,"","","SG","G","W",NA,NA,NA,NA,29,30,"SG3GW_30",0.50248185,0.014
"Fell_et_al_2021","GTMNERRNorthern","SG4GW",4,5,"SG4GW_5",0.721452211034125,0.059,"EA",0.04,0.05,"individual",2018,5,25,30.0117027777778,-81.3442444444444,"handheld",0.430822222,"NAVD88","RTK-GPS","estuarine","measurement","emergent","field observation","low","field observation","core depth limited by length of corer","marsh",30.0117027777778,-81.3442444444444,"307","GTM M8","SG","G","W",5,2.1087325,0.438073976,NA,4,5,"SG4GW_5",0.721452211,0.059
"Fell_et_al_2021","GTMNERRNorthern","SG4GW",14,15,"SG4GW_15",0.740450166446789,0.063,"EA",0.14,0.15,"individual",2018,5,25,30.0117027777778,-81.3442444444444,"handheld",0.430822222,"NAVD88","RTK-GPS","estuarine","measurement","emergent","field observation","low","field observation","core depth limited by length of corer","marsh",30.0117027777778,-81.3442444444444,"309","GTM M8","SG","G","W",15,3.02629,0.531677149,NA,14,15,"SG4GW_15",0.740450166,0.063
"Fell_et_al_2021","GTMNERRNorthern","SG4GW",29,30,"SG4GW_30",0.398688364979579,0.011,"EA",0.29,0.3,"individual",2018,5,25,30.0117027777778,-81.3442444444444,"handheld",0.430822222,"NAVD88","RTK-GPS","estuarine","measurement","emergent","field observation","low","field observation","core depth limited by length of corer","marsh",30.0117027777778,-81.3442444444444,"312","GTM M8","SG","G","W",30,-5.0570525,0.059929495,NA,29,30,"SG4GW_30",0.398688365,0.011
"Fell_et_al_2021","GTMNERRNorthern","SG5GW",4,5,"SG5GW_5",NA,NA,"EA",0.04,0.05,"individual",2018,5,25,30.0112,-81.3440222222222,"handheld",0.4423,"NAVD88","RTK-GPS",NA,NA,"emergent","field observation","low","field observation","core depth limited by length of corer","marsh",30.0112,-81.3440222222222,"","","SG","G","W",NA,NA,NA,NA,4,5,"SG5GW_5",NA,NA
"Fell_et_al_2021","GTMNERRNorthern","SG5GW",14,15,"SG5GW_15",NA,NA,"EA",0.14,0.15,"individual",2018,5,25,30.0112,-81.3440222222222,"handheld",0.4423,"NAVD88","RTK-GPS",NA,NA,"emergent","field observation","low","field observation","core depth limited by length of corer","marsh",30.0112,-81.3440222222222,"","","SG","G","W",NA,NA,NA,NA,14,15,"SG5GW_15",NA,NA
"Fell_et_al_2021","GTMNERRNorthern","SG5GW",29,30,"SG5GW_30",NA,NA,"EA",0.29,0.3,"individual",2018,5,25,30.0112,-81.3440222222222,"handheld",0.4423,"NAVD88","RTK-GPS",NA,NA,"emergent","field observation","low","field observation","core depth limited by length of corer","marsh",30.0112,-81.3440222222222,"","","SG","G","W",NA,NA,NA,NA,29,30,"SG5GW_30",NA,NA
"Fell_et_al_2021","GTMNERRNorthern","SG6GW",4,5,"SG6GW_5",0.564538802329267,0.025,"EA",0.04,0.05,"individual",2018,5,25,30.0112194444444,-81.3439777777778,"handheld",0.41571111,"NAVD88","RTK-GPS","estuarine","measurement","emergent","field observation","low","field observation","core depth limited by length of corer","marsh",30.0112194444444,-81.3439777777778,"319","SG6GW ","SG","G","W",5,1.4259544,0.192797137,NA,4,5,"SG6GW_5",0.564538802,0.025
"Fell_et_al_2021","GTMNERRNorthern","SG6GW",14,15,"SG6GW_15",0.451242789648615,0.013,"EA",0.14,0.15,"individual",2018,5,25,30.0112194444444,-81.3439777777778,"handheld",0.41571111,"NAVD88","RTK-GPS","estuarine","measurement","emergent","field observation","low","field observation","core depth limited by length of corer","marsh",30.0112194444444,-81.3439777777778,"321","SG6GW","SG","G","W",15,-0.4270536,0.081596758,NA,14,15,"SG6GW_15",0.45124279,0.013
"Fell_et_al_2021","GTMNERRNorthern","SG6GW",29,30,"SG6GW_30",0.612429967775148,0.026,"EA",0.29,0.3,"individual",2018,5,25,30.0112194444444,-81.3439777777778,"handheld",0.41571111,"NAVD88","RTK-GPS","estuarine","measurement","emergent","field observation","low","field observation","core depth limited by length of corer","marsh",30.0112194444444,-81.3439777777778,"324","SG6GW","SG","G","W",30,1.3576312,0.187119813,NA,29,30,"SG6GW_30",0.612429968,0.026
"Fell_et_al_2021","GTMNERRNorthern","SG1GC",4,5,"SG1GC_5",0.573951000043927,0.061,"EA",0.04,0.05,"individual",2018,5,25,30.0120361111111,-81.3444861111111,"handheld",0.400956,"NAVD88","RTK-GPS",NA,NA,"emergent","field observation","low","field observation","core depth limited by length of corer","marsh",30.0120361111111,-81.3444861111111,"325","GTM M1","SG","G","C",5,0.8510725,0.319110636,NA,4,5,"SG1GC_5",0.573951,0.061
"Fell_et_al_2021","GTMNERRNorthern","SG1GC",14,15,"SG1GC_15",0.676306594618114,NA,"EA",0.14,0.15,"individual",2018,5,25,30.0120361111111,-81.3444861111111,"handheld",0.400956,"NAVD88","RTK-GPS",NA,NA,"emergent","field observation","low","field observation","core depth limited by length of corer","marsh",30.0120361111111,-81.3444861111111,"","","SG","G","C",NA,NA,NA,NA,14,15,"SG1GC_15",0.676306595,NA
"Fell_et_al_2021","GTMNERRNorthern","SG1GC",29,30,"SG1GC_30",0.906751518543839,0.059,"EA",0.29,0.3,"individual",2018,5,25,30.0120361111111,-81.3444861111111,"handheld",0.400956,"NAVD88","RTK-GPS",NA,NA,"emergent","field observation","low","field observation","core depth limited by length of corer","marsh",30.0120361111111,-81.3444861111111,"327","GTM M1","SG","G","C",30,2.642005,0.44521517,NA,29,30,"SG1GC_30",0.906751519,0.059
"Fell_et_al_2021","GTMNERRNorthern","SG2GC",4,5,"SG2GC_5",0.670653403882161,0.053,"EA",0.04,0.05,"individual",2018,5,25,30.0117472222222,-81.3442194444444,"handheld",0.421244,"NAVD88","RTK-GPS","saline","measurement","emergent","field observation","low","field observation","core depth limited by length of corer","marsh",30.0117472222222,-81.3442194444444,"","","SG","G","C",NA,NA,NA,NA,4,5,"SG2GC_5",0.670653404,0.053
"Fell_et_al_2021","GTMNERRNorthern","SG2GC",14,15,"SG2GC_15",0.545929767778718,NA,"EA",0.14,0.15,"individual",2018,5,25,30.0117472222222,-81.3442194444444,"handheld",0.421244,"NAVD88","RTK-GPS","saline","measurement","emergent","field observation","low","field observation","core depth limited by length of corer","marsh",30.0117472222222,-81.3442194444444,"","","SG","G","C",NA,NA,NA,NA,14,15,"SG2GC_15",0.545929768,NA
"Fell_et_al_2021","GTMNERRNorthern","SG2GC",29,30,"SG2GC_30",NA,NA,"EA",0.29,0.3,"individual",2018,5,25,30.0117472222222,-81.3442194444444,"handheld",0.421244,"NAVD88","RTK-GPS","saline","measurement","emergent","field observation","low","field observation","core depth limited by length of corer","marsh",30.0117472222222,-81.3442194444444,"","","SG","G","C",NA,NA,NA,NA,29,30,"SG2GC_30",NA,NA
"Fell_et_al_2021","GTMNERRNorthern","SG3GC",4,5,"SG3GC_5",0.644066767995047,0.066,"EA",0.04,0.05,"individual",2018,5,25,30.0117333333333,-81.3442611111111,"handheld",0.3894333333,"NAVD88","RTK-GPS",NA,NA,"emergent","field observation","low","field observation","core depth limited by length of corer","marsh",30.0117333333333,-81.3442611111111,"337","GTM M4","SG","G","C",5,1.4840125,0.409376538,NA,4,5,"SG3GC_5",0.644066768,0.066
"Fell_et_al_2021","GTMNERRNorthern","SG3GC",14,15,"SG3GC_15",0.627087942829531,0.045,"EA",0.14,0.15,"individual",2018,5,25,30.0117333333333,-81.3442611111111,"handheld",0.3894333333,"NAVD88","RTK-GPS",NA,NA,"emergent","field observation","low","field observation","core depth limited by length of corer","marsh",30.0117333333333,-81.3442611111111,"339","GTM M4","SG","G","C",15,2.09332,0.340997418,NA,14,15,"SG3GC_15",0.627087943,0.045
"Fell_et_al_2021","GTMNERRNorthern","SG3GC",29,30,"SG3GC_30",0.859379387693753,NA,"EA",0.29,0.3,"individual",2018,5,25,30.0117333333333,-81.3442611111111,"handheld",0.3894333333,"NAVD88","RTK-GPS",NA,NA,"emergent","field observation","low","field observation","core depth limited by length of corer","marsh",30.0117333333333,-81.3442611111111,"348","GTM M7","SG","G","C",30,-4.51556,0.051456346,NA,29,30,"SG3GC_30",0.859379388,NA
"Fell_et_al_2021","GTMNERRNorthern","SG4GC",4,5,"SG4GC_5",0.725921029359745,0.077,"EA",0.04,0.05,"individual",2018,5,25,30.0115611111111,-81.3441805555556,"handheld",0.4583777778,"NAVD88","RTK-GPS",NA,NA,"emergent","field observation","low","field observation","core depth limited by length of corer","marsh",30.0115611111111,-81.3441805555556,"","","SG","G","C",NA,NA,NA,NA,4,5,"SG4GC_5",0.725921029,0.077
"Fell_et_al_2021","GTMNERRNorthern","SG4GC",14,15,"SG4GC_15",0.744208367111554,0.063,"EA",0.14,0.15,"individual",2018,5,25,30.0115611111111,-81.3441805555556,"handheld",0.4583777778,"NAVD88","RTK-GPS",NA,NA,"emergent","field observation","low","field observation","core depth limited by length of corer","marsh",30.0115611111111,-81.3441805555556,"","","SG","G","C",NA,NA,NA,NA,14,15,"SG4GC_15",0.744208367,0.063
"Fell_et_al_2021","GTMNERRNorthern","SG4GC",29,30,"SG4GC_30",0.423438214448546,0.009,"EA",0.29,0.3,"individual",2018,5,25,30.0115611111111,-81.3441805555556,"handheld",0.4583777778,"NAVD88","RTK-GPS",NA,NA,"emergent","field observation","low","field observation","core depth limited by length of corer","marsh",30.0115611111111,-81.3441805555556,"","","SG","G","C",NA,NA,NA,NA,29,30,"SG4GC_30",0.423438214,0.009
"Fell_et_al_2021","GTMNERRNorthern","SG5GC",4,5,"SG5GC_5",NA,NA,"EA",0.04,0.05,"individual",2018,5,25,30.0112194444444,-81.3440583333333,"handheld",0.390056,"NAVD88","RTK-GPS",NA,NA,"emergent","field observation","low","field observation","core depth limited by length of corer","marsh",30.0112194444444,-81.3440583333333,"","","SG","G","C",NA,NA,NA,NA,4,5,"SG5GC_5",NA,NA
"Fell_et_al_2021","GTMNERRNorthern","SG5GC",14,15,"SG5GC_15",NA,NA,"EA",0.14,0.15,"individual",2018,5,25,30.0112194444444,-81.3440583333333,"handheld",0.390056,"NAVD88","RTK-GPS",NA,NA,"emergent","field observation","low","field observation","core depth limited by length of corer","marsh",30.0112194444444,-81.3440583333333,"","","SG","G","C",NA,NA,NA,NA,14,15,"SG5GC_15",NA,NA
"Fell_et_al_2021","GTMNERRNorthern","SG5GC",29,30,"SG5GC_30",NA,NA,"EA",0.29,0.3,"individual",2018,5,25,30.0112194444444,-81.3440583333333,"handheld",0.390056,"NAVD88","RTK-GPS",NA,NA,"emergent","field observation","low","field observation","core depth limited by length of corer","marsh",30.0112194444444,-81.3440583333333,"","","SG","G","C",NA,NA,NA,NA,29,30,"SG5GC_30",NA,NA
"Fell_et_al_2021","GTMNERRNorthern","SG6GC",4,5,"SG6GC_5",0.623751766705756,0.024,"EA",0.04,0.05,"individual",2018,5,25,30.0112611111111,-81.3440555555556,"handheld",0.46112222,"NAVD88","RTK-GPS","estuarine","measurement","emergent","field observation","low","field observation","core depth limited by length of corer","marsh",30.0112611111111,-81.3440555555556,"355","SG6GC","SG","G","C",5,0.637132,0.129577082,NA,4,5,"SG6GC_5",0.623751767,0.024
"Fell_et_al_2021","GTMNERRNorthern","SG6GC",14,15,"SG6GC_15",0.575176103498721,0.024,"EA",0.14,0.15,"individual",2018,5,25,30.0112611111111,-81.3440555555556,"handheld",0.46112222,"NAVD88","RTK-GPS","estuarine","measurement","emergent","field observation","low","field observation","core depth limited by length of corer","marsh",30.0112611111111,-81.3440555555556,"357","SG6GC","SG","G","C",15,2.552252,0.205405686,NA,14,15,"SG6GC_15",0.575176103,0.024
"Fell_et_al_2021","GTMNERRNorthern","SG6GC",29,30,"SG6GC_30",0.573335268276903,NA,"EA",0.29,0.3,"individual",2018,5,25,30.0112611111111,-81.3440555555556,"handheld",0.46112222,"NAVD88","RTK-GPS","estuarine","measurement","emergent","field observation","low","field observation","core depth limited by length of corer","marsh",30.0112611111111,-81.3440555555556,"360","SG6GC","SG","G","C",30,1.2354776,0.103223425,NA,29,30,"SG6GC_30",0.573335268,NA
"Fell_et_al_2021","GTMNERRNorthern","SG1MW",4,5,"SG1MW_5",NA,NA,"EA",0.04,0.05,"individual",2018,5,25,30.0115805555556,-81.3443083333333,"handheld",0.4152777778,"NAVD88","RTK-GPS",NA,NA,"emergent","field observation","low","field observation","core depth limited by length of corer","marsh",30.0115805555556,-81.3443083333333,"","","SG","M","W",NA,NA,NA,NA,4,5,"SG1MW_5",NA,NA
"Fell_et_al_2021","GTMNERRNorthern","SG1MW",14,15,"SG1MW_15",NA,NA,"EA",0.14,0.15,"individual",2018,5,25,30.0115805555556,-81.3443083333333,"handheld",0.4152777778,"NAVD88","RTK-GPS",NA,NA,"emergent","field observation","low","field observation","core depth limited by length of corer","marsh",30.0115805555556,-81.3443083333333,"","","SG","M","W",NA,NA,NA,NA,14,15,"SG1MW_15",NA,NA
"Fell_et_al_2021","GTMNERRNorthern","SG1MW",29,30,"SG1MW_30",NA,NA,"EA",0.29,0.3,"individual",2018,5,25,30.0115805555556,-81.3443083333333,"handheld",0.4152777778,"NAVD88","RTK-GPS",NA,NA,"emergent","field observation","low","field observation","core depth limited by length of corer","marsh",30.0115805555556,-81.3443083333333,"","","SG","M","W",NA,NA,NA,NA,29,30,"SG1MW_30",NA,NA
"Fell_et_al_2021","GTMNERRNorthern","SG2MW",4,5,"SG2MW_5",NA,NA,"EA",0.04,0.05,"individual",2018,5,25,30.0117305555556,-81.3441027777778,"handheld",0.4285,"NAVD88","RTK-GPS","estuarine","measurement","emergent","field observation","low","field observation","core depth limited by length of corer","marsh",30.0117305555556,-81.3441027777778,"","","SG","M","W",NA,NA,NA,NA,4,5,"SG2MW_5",NA,NA
"Fell_et_al_2021","GTMNERRNorthern","SG2MW",14,15,"SG2MW_15",NA,NA,"EA",0.14,0.15,"individual",2018,5,25,30.0117305555556,-81.3441027777778,"handheld",0.4285,"NAVD88","RTK-GPS","estuarine","measurement","emergent","field observation","low","field observation","core depth limited by length of corer","marsh",30.0117305555556,-81.3441027777778,"","","SG","M","W",NA,NA,NA,NA,14,15,"SG2MW_15",NA,NA
"Fell_et_al_2021","GTMNERRNorthern","SG2MW",29,30,"SG2MW_30",0.532802625329626,0.008,"EA",0.29,0.3,"individual",2018,5,25,30.0117305555556,-81.3441027777778,"handheld",0.4285,"NAVD88","RTK-GPS","estuarine","measurement","emergent","field observation","low","field observation","core depth limited by length of corer","marsh",30.0117305555556,-81.3441027777778,"372","SG2MW","SG","M","W",30,-3.5230605,0.057790778,NA,29,30,"SG2MW_30",0.532802625,0.008
"Fell_et_al_2021","GTMNERRNorthern","SG3MW",4,5,"SG3MW_5",0.692255956477365,0.097,"EA",0.04,0.05,"individual",2018,5,25,30.0118472222222,-81.3443194444444,"handheld",0.42224,"NAVD88","RTK-GPS",NA,NA,"emergent","field observation","low","field observation","core depth limited by length of corer","marsh",30.0118472222222,-81.3443194444444,"373","SG3MW","SG","M","W",5,1.3752296,0.456308906,NA,4,5,"SG3MW_5",0.692255956,0.097
"Fell_et_al_2021","GTMNERRNorthern","SG3MW",14,15,"SG3MW_15",0.588415734719237,0.049,"EA",0.14,0.15,"individual",2018,5,25,30.0118472222222,-81.3443194444444,"handheld",0.42224,"NAVD88","RTK-GPS",NA,NA,"emergent","field observation","low","field observation","core depth limited by length of corer","marsh",30.0118472222222,-81.3443194444444,"375","SG3MW","SG","M","W",15,3.0429368,0.416879315,NA,14,15,"SG3MW_15",0.588415735,0.049
"Fell_et_al_2021","GTMNERRNorthern","SG3MW",29,30,"SG3MW_30",0.553771174782848,0.019,"EA",0.29,0.3,"individual",2018,5,25,30.0118472222222,-81.3443194444444,"handheld",0.42224,"NAVD88","RTK-GPS",NA,NA,"emergent","field observation","low","field observation","core depth limited by length of corer","marsh",30.0118472222222,-81.3443194444444,"378","SG3MW","SG","M","W",30,-0.992964,0.117726092,NA,29,30,"SG3MW_30",0.553771175,0.019
"Fell_et_al_2021","GTMNERRNorthern","SG4MW",4,5,"SG4MW_5",0.659357991816182,0.055,"EA",0.04,0.05,"individual",2018,5,25,30.0116138888889,-81.3441444444444,"handheld",0.449988888,"NAVD88","RTK-GPS","saline","measurement","emergent","field observation","low","field observation","core depth limited by length of corer","marsh",30.0116138888889,-81.3441444444444,"379","SG4MW","SG","M","W",5,1.9476952,0.365200878,NA,4,5,"SG4MW_5",0.659357992,0.055
"Fell_et_al_2021","GTMNERRNorthern","SG4MW",14,15,"SG4MW_15",0.740433249438652,0.067,"EA",0.14,0.15,"individual",2018,5,25,30.0116138888889,-81.3441444444444,"handheld",0.449988888,"NAVD88","RTK-GPS","saline","measurement","emergent","field observation","low","field observation","core depth limited by length of corer","marsh",30.0116138888889,-81.3441444444444,"381","SG4MW","SG","M","W",15,2.9373464,0.559307709,NA,14,15,"SG4MW_15",0.740433249,0.067
"Fell_et_al_2021","GTMNERRNorthern","SG4MW",29,30,"SG4MW_30",0.417726979144141,0.009,"EA",0.29,0.3,"individual",2018,5,25,30.0116138888889,-81.3441444444444,"handheld",0.449988888,"NAVD88","RTK-GPS","saline","measurement","emergent","field observation","low","field observation","core depth limited by length of corer","marsh",30.0116138888889,-81.3441444444444,"384","SG4MW","SG","M","W",30,-2.3974215,0.061203273,NA,29,30,"SG4MW_30",0.417726979,0.009
"Fell_et_al_2021","GTMNERRNorthern","SG5MW",4,5,"SG5MW_5",0.69601028665331,0.035,"EA",0.04,0.05,"individual",2018,5,25,30.0113166666667,-81.34465,"handheld",0.4517,"NAVD88","RTK-GPS","estuarine","measurement","emergent","field observation","low","field observation","core depth limited by length of corer","marsh",30.0113166666667,-81.34465,"385","SG5MW","SG","M","W",5,1.8048376,0.253928544,NA,4,5,"SG5MW_5",0.696010287,0.035
"Fell_et_al_2021","GTMNERRNorthern","SG5MW",14,15,"SG5MW_15",0.580140260503488,0.029,"EA",0.14,0.15,"individual",2018,5,25,30.0113166666667,-81.34465,"handheld",0.4517,"NAVD88","RTK-GPS","estuarine","measurement","emergent","field observation","low","field observation","core depth limited by length of corer","marsh",30.0113166666667,-81.34465,"387","SG5MW","SG","M","W",15,0.6029704,0.184696066,NA,14,15,"SG5MW_15",0.580140261,0.029
"Fell_et_al_2021","GTMNERRNorthern","SG5MW",29,30,"SG5MW_30",0.533505890996164,0.019,"EA",0.29,0.3,"individual",2018,5,25,30.0113166666667,-81.34465,"handheld",0.4517,"NAVD88","RTK-GPS","estuarine","measurement","emergent","field observation","low","field observation","core depth limited by length of corer","marsh",30.0113166666667,-81.34465,"390","SG5MW","SG","M","W",30,0.721407,0.136115697,NA,29,30,"SG5MW_30",0.533505891,0.019
"Fell_et_al_2021","GTMNERRNorthern","SG6MW",4,5,"SG6MW_5",NA,NA,"EA",0.04,0.05,"individual",2018,5,25,30.0111777777778,-81.3439583333333,"handheld",0.4037,"NAVD88","RTK-GPS",NA,NA,"emergent","field observation","low","field observation","core depth limited by length of corer","marsh",30.0111777777778,-81.3439583333333,"","","SG","M","W",NA,NA,NA,NA,4,5,"SG6MW_5",NA,NA
"Fell_et_al_2021","GTMNERRNorthern","SG6MW",14,15,"SG6MW_15",NA,NA,"EA",0.14,0.15,"individual",2018,5,25,30.0111777777778,-81.3439583333333,"handheld",0.4037,"NAVD88","RTK-GPS",NA,NA,"emergent","field observation","low","field observation","core depth limited by length of corer","marsh",30.0111777777778,-81.3439583333333,"","","SG","M","W",NA,NA,NA,NA,14,15,"SG6MW_15",NA,NA
"Fell_et_al_2021","GTMNERRNorthern","SG6MW",29,30,"SG6MW_30",NA,NA,"EA",0.29,0.3,"individual",2018,5,25,30.0111777777778,-81.3439583333333,"handheld",0.4037,"NAVD88","RTK-GPS",NA,NA,"emergent","field observation","low","field observation","core depth limited by length of corer","marsh",30.0111777777778,-81.3439583333333,"","","SG","M","W",NA,NA,NA,NA,29,30,"SG6MW_30",NA,NA
"Fell_et_al_2021","GTMNERRNorthern","SG1MC",4,5,"SG1MC_5",0.732831509600496,0.094,"EA",0.04,0.05,"individual",2018,5,25,30.0119805555556,-81.3444638888889,"handheld",0.448655556,"NAVD88","RTK-GPS",NA,NA,"emergent","field observation","low","field observation","core depth limited by length of corer","marsh",30.0119805555556,-81.3444638888889,"397","SG1MC","SG","M","C",5,2.9104312,0.521050476,NA,4,5,"SG1MC_5",0.73283151,0.094
"Fell_et_al_2021","GTMNERRNorthern","SG1MC",14,15,"SG1MC_15",0.705181532639223,0.076,"EA",0.14,0.15,"individual",2018,5,25,30.0119805555556,-81.3444638888889,"handheld",0.448655556,"NAVD88","RTK-GPS",NA,NA,"emergent","field observation","low","field observation","core depth limited by length of corer","marsh",30.0119805555556,-81.3444638888889,"399","SG1MC","SG","M","C",15,2.0522504,0.461687666,NA,14,15,"SG1MC_15",0.705181533,0.076
"Fell_et_al_2021","GTMNERRNorthern","SG1MC",29,30,"SG1MC_30",0.429854039059446,0.013,"EA",0.29,0.3,"individual",2018,5,25,30.0119805555556,-81.3444638888889,"handheld",0.448655556,"NAVD88","RTK-GPS",NA,NA,"emergent","field observation","low","field observation","core depth limited by length of corer","marsh",30.0119805555556,-81.3444638888889,"402","SG1MC","SG","M","C",30,-2.601612,0.088817865,NA,29,30,"SG1MC_30",0.429854039,0.013
"Fell_et_al_2021","GTMNERRNorthern","SG2MC",4,5,"SG2MC_5",0.689800104971759,0.038,"EA",0.04,0.05,"individual",2018,5,25,30.0116861111111,-81.3441194444444,"handheld",0.4319777778,"NAVD88","RTK-GPS","saline","measurement","emergent","field observation","low","field observation","core depth limited by length of corer","marsh",30.0116861111111,-81.3441194444444,"403","SG2MC","SG","M","C",5,0.580443,0.244412253,NA,4,5,"SG2MC_5",0.689800105,0.038
"Fell_et_al_2021","GTMNERRNorthern","SG2MC",14,15,"SG2MC_15",0.784534720962313,0.05,"EA",0.14,0.15,"individual",2018,5,25,30.0116861111111,-81.3441194444444,"handheld",0.4319777778,"NAVD88","RTK-GPS","saline","measurement","emergent","field observation","low","field observation","core depth limited by length of corer","marsh",30.0116861111111,-81.3441194444444,"405","SG2MC","SG","M","C",15,2.0657475,0.379690672,NA,14,15,"SG2MC_15",0.784534721,0.05
"Fell_et_al_2021","GTMNERRNorthern","SG2MC",29,30,"SG2MC_30",0.472583029876764,NA,"EA",0.29,0.3,"individual",2018,5,25,30.0116861111111,-81.3441194444444,"handheld",0.4319777778,"NAVD88","RTK-GPS","saline","measurement","emergent","field observation","low","field observation","core depth limited by length of corer","marsh",30.0116861111111,-81.3441194444444,"408","SG2MC","SG","M","C",30,-2.3483848,0.077266269,NA,29,30,"SG2MC_30",0.47258303,NA
"Fell_et_al_2021","GTMNERRNorthern","SG3MC",4,5,"SG3MC_5",0.785163880954116,0.051,"EA",0.04,0.05,"individual",2018,5,25,30.0118416666667,-81.34425,"handheld",0.4503,"NAVD88","RTK-GPS",NA,NA,"emergent","field observation","low","field observation","core depth limited by length of corer","marsh",30.0118416666667,-81.34425,"409","SG3MC_O.20cm","SG","M","C",5,1.3339785,0.328236289,NA,4,5,"SG3MC_5",0.785163881,0.051
"Fell_et_al_2021","GTMNERRNorthern","SG3MC",14,15,"SG3MC_15",0.802209051596796,0.061,"EA",0.14,0.15,"individual",2018,5,25,30.0118416666667,-81.34425,"handheld",0.4503,"NAVD88","RTK-GPS",NA,NA,"emergent","field observation","low","field observation","core depth limited by length of corer","marsh",30.0118416666667,-81.34425,"411","SG3MC_O.20cm","SG","M","C",15,0.6084285,0.320704185,NA,14,15,"SG3MC_15",0.802209052,0.061
"Fell_et_al_2021","GTMNERRNorthern","SG3MC",29,30,"SG3MC_30",0.292176777168439,0.016,"EA",0.29,0.3,"individual",2018,5,25,30.0118416666667,-81.34425,"handheld",0.4503,"NAVD88","RTK-GPS",NA,NA,"emergent","field observation","low","field observation","core depth limited by length of corer","marsh",30.0118416666667,-81.34425,"414","SG3MC","SG","M","C",30,0.455972,0.110797052,NA,29,30,"SG3MC_30",0.292176777,0.016
"Fell_et_al_2021","GTMNERRNorthern","SG4MC",4,5,"SG4MC_5",0.71082075226978,0.073,"EA",0.04,0.05,"individual",2018,5,25,30.0116472222222,-81.3442083333333,"handheld",0.43082222222,"NAVD88","RTK-GPS","saline","measurement","emergent","field observation","low","field observation","core depth limited by length of corer","marsh",30.0116472222222,-81.3442083333333,"415","SG4MC","SG","M","C",5,2.1735435,0.469100776,NA,4,5,"SG4MC_5",0.710820752,0.073
"Fell_et_al_2021","GTMNERRNorthern","SG4MC",14,15,"SG4MC_15",0.810377637806163,0.097,"EA",0.14,0.15,"individual",2018,5,25,30.0116472222222,-81.3442083333333,"handheld",0.43082222222,"NAVD88","RTK-GPS","saline","measurement","emergent","field observation","low","field observation","core depth limited by length of corer","marsh",30.0116472222222,-81.3442083333333,"417","SG4MC","SG","M","C",15,1.3878765,0.427943135,NA,14,15,"SG4MC_15",0.810377638,0.097
"Fell_et_al_2021","GTMNERRNorthern","SG4MC",29,30,"SG4MC_30",0.477356526896244,NA,"EA",0.29,0.3,"individual",2018,5,25,30.0116472222222,-81.3442083333333,"handheld",0.43082222222,"NAVD88","RTK-GPS","saline","measurement","emergent","field observation","low","field observation","core depth limited by length of corer","marsh",30.0116472222222,-81.3442083333333,"420","SG4MC","SG","M","C",30,-0.0740504,0.088255906,NA,29,30,"SG4MC_30",0.477356527,NA
"Fell_et_al_2021","GTMNERRNorthern","SG5MC",4,5,"SG5MC_5",0.858918551502667,0.054,"EA",0.04,0.05,"individual",2018,5,25,30.01125,-81.3440972222222,"handheld",0.4423,"NAVD88","RTK-GPS",NA,NA,"emergent","field observation","low","field observation","core depth limited by length of corer","marsh",30.01125,-81.3440972222222,"421","SG5MC","SG","M","C",5,2.2212225,0.369752191,NA,4,5,"SG5MC_5",0.858918552,0.054
"Fell_et_al_2021","GTMNERRNorthern","SG5MC",14,15,"SG5MC_15",0.753231417542025,0.032,"EA",0.14,0.15,"individual",2018,5,25,30.01125,-81.3440972222222,"handheld",0.4423,"NAVD88","RTK-GPS",NA,NA,"emergent","field observation","low","field observation","core depth limited by length of corer","marsh",30.01125,-81.3440972222222,"423","SG5MC","SG","M","C",15,2.5321725,0.259721979,NA,14,15,"SG5MC_15",0.753231418,0.032
"Fell_et_al_2021","GTMNERRNorthern","SG5MC",29,30,"SG5MC_30",0.40555617091403,NA,"EA",0.29,0.3,"individual",2018,5,25,30.01125,-81.3440972222222,"handheld",0.4423,"NAVD88","RTK-GPS",NA,NA,"emergent","field observation","low","field observation","core depth limited by length of corer","marsh",30.01125,-81.3440972222222,"","","SG","M","C",NA,NA,NA,NA,29,30,"SG5MC_30",0.405556171,NA
"Fell_et_al_2021","GTMNERRNorthern","SG6MC",4,5,"SG6MC_5",0.797749591523911,0.047,"EA",0.04,0.05,"individual",2018,5,25,30.0112166666667,-81.343925,"handheld",0.415711111,"NAVD88","RTK-GPS","estuarine","measurement","emergent","field observation","low","field observation","core depth limited by length of corer","marsh",30.0112166666667,-81.343925,"427","SG6MC_O.14cm","SG","M","C",5,1.482198,0.361028611,NA,4,5,"SG6MC_5",0.797749592,0.047
"Fell_et_al_2021","GTMNERRNorthern","SG6MC",14,15,"SG6MC_15",0.751947761527797,0.037,"EA",0.14,0.15,"individual",2018,5,25,30.0112166666667,-81.343925,"handheld",0.415711111,"NAVD88","RTK-GPS","estuarine","measurement","emergent","field observation","low","field observation","core depth limited by length of corer","marsh",30.0112166666667,-81.343925,"429","SG6MC","SG","M","C",15,1.1080215,0.243563376,NA,14,15,"SG6MC_15",0.751947762,0.037
"Fell_et_al_2021","GTMNERRNorthern","SG6MC",29,30,"SG6MC_30",0.492483446843067,0.009,"EA",0.29,0.3,"individual",2018,5,25,30.0112166666667,-81.343925,"handheld",0.415711111,"NAVD88","RTK-GPS","estuarine","measurement","emergent","field observation","low","field observation","core depth limited by length of corer","marsh",30.0112166666667,-81.343925,"432","SG6MC","SG","M","C",30,-3.5914695,0.067643225,NA,29,30,"SG6MC_30",0.492483447,0.009
"Fell_et_al_2021",NA,NA,NA,NA,NA,NA,0.048,"EA",NA,NA,"individual",NA,NA,NA,NA,NA,NA,NA,NA,NA,NA,NA,NA,NA,NA,NA,NA,"marsh",NA,NA,"435","","","","",NA,2.563915,0.364107409,NA,NA,NA,NA,NA,0.048
