study_id,DOI,site_id,core_id,corenotes,Habitat_type,Habitat,Year_collected,Latitude,Longitude,U_depth_m,L_depth_m,OC_perc,N_perc,LOI,BD_reported_g_cm3,notes
Asanopoulos_et_al_2021,https://doi.org/10.1071/SR20040,Site 1_Torrens Island ,T10001,"Transect 1, Position 1",Tidal marsh,Sarcocornia quinqueflora/Tecticornia arbuscular,2016,34.78475,138.5200833,0,0.1,2.059337035,0.176903318,NA,0.959306419,GPS was taken from the centre core of each transect
Asanopoulos_et_al_2021,https://doi.org/10.1071/SR20040,Site 1_Torrens Island ,T10002,"Transect 1, Position 2",Tidal marsh,Sarcocornia quinqueflora/Tecticornia arbuscular,2016,34.78475,138.5200833,0,0.1,7.660565668,0.563711402,NA,0.561419062,GPS was taken from the centre core of each transect
Asanopoulos_et_al_2021,https://doi.org/10.1071/SR20040,Site 1_Torrens Island ,T10003,"Transect 1, Position 3",Tidal marsh,Sarcocornia quinqueflora/Tecticornia arbuscular,2016,34.78475,138.5200833,0,0.1,8.031453245,0.601514106,NA,0.411614472,GPS was taken from the centre core of each transect
Asanopoulos_et_al_2021,https://doi.org/10.1071/SR20040,Site 1_Torrens Island ,T10004,"Transect 1, Position 4",Tidal marsh,Sarcocornia quinqueflora/Tecticornia arbuscular,2016,34.78475,138.5200833,0,0.1,6.818496374,0.548177118,NA,0.576737725,GPS was taken from the centre core of each transect
Asanopoulos_et_al_2021,https://doi.org/10.1071/SR20040,Site 1_Torrens Island ,T10005,"Transect 1, Position 5",Mangrove,A marina,2016,34.78475,138.5200833,0,0.1,2.077922084,0.169733915,NA,0.823228943,GPS was taken from the centre core of each transect
Asanopoulos_et_al_2021,https://doi.org/10.1071/SR20040,Site 1_Torrens Island ,T10006,"Transect 1, Position 6",Mangrove,A marina,2016,34.78475,138.5200833,0,0.1,7.812557685,0.679289026,NA,0.334026437,GPS was taken from the centre core of each transect
Asanopoulos_et_al_2021,https://doi.org/10.1071/SR20040,Site 1_Torrens Island ,T10007,"Transect 1, Position 7",Mangrove,A marina,2016,34.78475,138.5200833,0,0.1,6.664214409,0.548563723,NA,0.365459538,GPS was taken from the centre core of each transect
Asanopoulos_et_al_2021,https://doi.org/10.1071/SR20040,Site 1_Torrens Island ,T10008,"Transect 1, Position 8",Mangrove,A marina,2016,34.78475,138.5200833,0,0.1,4.111067674,0.319984093,NA,0.684366255,GPS was taken from the centre core of each transect
Asanopoulos_et_al_2021,https://doi.org/10.1071/SR20040,Site 1_Torrens Island ,T20001,"Transect 2, Position 1",Tidal marsh,Sarcocornia quinqueflora/Tecticornia arbuscular,2016,34.78488889,138.5201667,0,0.1,8.596243975,0.692862962,NA,0.478260604,GPS was taken from the centre core of each transect
Asanopoulos_et_al_2021,https://doi.org/10.1071/SR20040,Site 1_Torrens Island ,T20002,"Transect 2, Position 2",Tidal marsh,Sarcocornia quinqueflora/Tecticornia arbuscular,2016,34.78488889,138.5201667,0,0.1,8.833608149,0.747314256,NA,0.358297566,GPS was taken from the centre core of each transect
Asanopoulos_et_al_2021,https://doi.org/10.1071/SR20040,Site 1_Torrens Island ,T20003,"Transect 2, Position 3",Tidal marsh,Sarcocornia quinqueflora/Tecticornia arbuscular,2016,34.78488889,138.5201667,0,0.1,7.548323509,0.577825404,NA,0.471695463,GPS was taken from the centre core of each transect
Asanopoulos_et_al_2021,https://doi.org/10.1071/SR20040,Site 1_Torrens Island ,T20004,"Transect 2, Position 4",Tidal marsh,Sarcocornia quinqueflora/Tecticornia arbuscular,2016,34.78488889,138.5201667,0,0.1,5.577634591,0.456313166,NA,0.555251808,GPS was taken from the centre core of each transect
Asanopoulos_et_al_2021,https://doi.org/10.1071/SR20040,Site 1_Torrens Island ,T20005,"Transect 2, Position 5",Mangrove,A marina,2016,34.78488889,138.5201667,0,0.1,7.738993037,0.632876918,NA,0.414399683,GPS was taken from the centre core of each transect
Asanopoulos_et_al_2021,https://doi.org/10.1071/SR20040,Site 1_Torrens Island ,T20006,"Transect 2, Position 6",Mangrove,A marina,2016,34.78488889,138.5201667,0,0.1,5.860065848,0.488975329,NA,0.490197225,GPS was taken from the centre core of each transect
Asanopoulos_et_al_2021,https://doi.org/10.1071/SR20040,Site 1_Torrens Island ,T20007,"Transect 2, Position 7",Mangrove,A marina,2016,34.78488889,138.5201667,0,0.1,4.690501688,0.412546845,NA,0.553063427,GPS was taken from the centre core of each transect
Asanopoulos_et_al_2021,https://doi.org/10.1071/SR20040,Site 1_Torrens Island ,T20008,"Transect 2, Position 8",Mangrove,A marina,2016,34.78488889,138.5201667,0,0.1,3.948225191,0.345683771,NA,0.571963077,GPS was taken from the centre core of each transect
Asanopoulos_et_al_2021,https://doi.org/10.1071/SR20040,Site 1_Torrens Island ,T30001,"Transect 3, Position 1",Tidal marsh,Sarcocornia quinqueflora/Tecticornia arbuscular,2016,34.78491667,138.5201389,0,0.1,9.434004543,0.718023196,NA,0.375207778,GPS was taken from the centre core of each transect
Asanopoulos_et_al_2021,https://doi.org/10.1071/SR20040,Site 1_Torrens Island ,T30002,"Transect 3, Position 2",Tidal marsh,Sarcocornia quinqueflora/Tecticornia arbuscular,2016,34.78491667,138.5201389,0,0.1,8.516014564,0.653176882,NA,0.42772891,GPS was taken from the centre core of each transect
Asanopoulos_et_al_2021,https://doi.org/10.1071/SR20040,Site 1_Torrens Island ,T30003,"Transect 3, Position 3",Tidal marsh,Sarcocornia quinqueflora/Tecticornia arbuscular,2016,34.78491667,138.5201389,0,0.1,8.060766672,0.644124579,NA,0.422954261,GPS was taken from the centre core of each transect
Asanopoulos_et_al_2021,https://doi.org/10.1071/SR20040,Site 1_Torrens Island ,T30004,"Transect 3, Position 4",Tidal marsh,Sarcocornia quinqueflora/Tecticornia arbuscular,2016,34.78491667,138.5201389,0,0.1,5.476846769,0.437489329,NA,0.490992999,GPS was taken from the centre core of each transect
Asanopoulos_et_al_2021,https://doi.org/10.1071/SR20040,Site 1_Torrens Island ,T30005,"Transect 3, Position 5",Mangrove,A marina,2016,34.78491667,138.5201389,0,0.1,2.55659058,0.206426522,NA,0.782047602,GPS was taken from the centre core of each transect
Asanopoulos_et_al_2021,https://doi.org/10.1071/SR20040,Site 1_Torrens Island ,T30006,"Transect 3, Position 6",Mangrove,A marina,2016,34.78491667,138.5201389,0,0.1,6.867742063,0.544039133,NA,0.445434897,GPS was taken from the centre core of each transect
Asanopoulos_et_al_2021,https://doi.org/10.1071/SR20040,Site 1_Torrens Island ,T30007,"Transect 3, Position 7",Mangrove,A marina,2016,34.78491667,138.5201389,0,0.1,3.989073495,0.334840807,NA,0.617720123,GPS was taken from the centre core of each transect
Asanopoulos_et_al_2021,https://doi.org/10.1071/SR20040,Site 1_Torrens Island ,T30008,"Transect 3, Position 8",Mangrove,A marina,2016,34.78491667,138.5201389,0,0.1,4.458490595,0.355504633,NA,0.695308158,GPS was taken from the centre core of each transect
Asanopoulos_et_al_2021,https://doi.org/10.1071/SR20040,Site 2_Port Gawler ,PGT40001,"Transect 1, Position 1",Tidal marsh,Sarcocornia quinqueflora/Tecticornia arbuscular,2016,34.66233333,138.4476111,0,0.1,2.677556513,0.35083138,NA,0.418975388,GPS was taken from the centre core of each transect
Asanopoulos_et_al_2021,https://doi.org/10.1071/SR20040,Site 2_Port Gawler ,PGT40002,"Transect 1, Position 2",Tidal marsh,Sarcocornia quinqueflora/Tecticornia arbuscular,2016,34.66233333,138.4476111,0,0.1,1.901549271,0.253456237,NA,0.642190195,GPS was taken from the centre core of each transect
Asanopoulos_et_al_2021,https://doi.org/10.1071/SR20040,Site 2_Port Gawler ,PGT40003,"Transect 1, Position 3",Tidal marsh,Sarcocornia quinqueflora/Tecticornia arbuscular,2016,34.66233333,138.4476111,0,0.1,1.89674365,0.24517725,NA,0.665466606,GPS was taken from the centre core of each transect
Asanopoulos_et_al_2021,https://doi.org/10.1071/SR20040,Site 2_Port Gawler ,PGT40004,"Transect 1, Position 4",Tidal marsh,Sarcocornia quinqueflora/Tecticornia arbuscular,2016,34.66233333,138.4476111,0,0.1,1.473680365,0.202321239,NA,0.816265914,GPS was taken from the centre core of each transect
Asanopoulos_et_al_2021,https://doi.org/10.1071/SR20040,Site 2_Port Gawler ,PGT40005,"Transect 1, Position 5",Mangrove,A marina,2016,34.66233333,138.4476111,0,0.1,2.764356186,0.363472149,NA,0.508301099,GPS was taken from the centre core of each transect
Asanopoulos_et_al_2021,https://doi.org/10.1071/SR20040,Site 2_Port Gawler ,PGT40006,"Transect 1, Position 6",Mangrove,A marina,2016,34.66233333,138.4476111,0,0.1,3.894424549,0.483991033,NA,0.480647928,GPS was taken from the centre core of each transect
Asanopoulos_et_al_2021,https://doi.org/10.1071/SR20040,Site 2_Port Gawler ,PGT40007,"Transect 1, Position 7",Mangrove,A marina,2016,34.66233333,138.4476111,0,0.1,1.912243485,0.25829797,NA,0.611353925,GPS was taken from the centre core of each transect
Asanopoulos_et_al_2021,https://doi.org/10.1071/SR20040,Site 2_Port Gawler ,PGT40008,"Transect 1, Position 8",Mangrove,A marina,2016,34.66233333,138.4476111,0,0.1,2.278993419,0.313378109,NA,0.560424343,GPS was taken from the centre core of each transect
Asanopoulos_et_al_2021,https://doi.org/10.1071/SR20040,Site 2_Port Gawler ,PGT50001,"Transect 2, Position 1",Tidal marsh,Sarcocornia quinqueflora/Tecticornia arbuscular,2016,34.66252778,138.4476944,0,0.1,2.89657116,0.36736414,NA,0.434492995,GPS was taken from the centre core of each transect
Asanopoulos_et_al_2021,https://doi.org/10.1071/SR20040,Site 2_Port Gawler ,PGT50002,"Transect 2, Position 2",Tidal marsh,Sarcocornia quinqueflora/Tecticornia arbuscular,2016,34.66252778,138.4476944,0,0.1,2.858621194,0.389842775,NA,0.579323993,GPS was taken from the centre core of each transect
Asanopoulos_et_al_2021,https://doi.org/10.1071/SR20040,Site 2_Port Gawler ,PGT50003,"Transect 2, Position 3",Tidal marsh,Sarcocornia quinqueflora/Tecticornia arbuscular,2016,34.66252778,138.4476944,0,0.1,3.183565236,0.398300102,NA,0.530383848,GPS was taken from the centre core of each transect
Asanopoulos_et_al_2021,https://doi.org/10.1071/SR20040,Site 2_Port Gawler ,PGT50004,"Transect 2, Position 4",Tidal marsh,Sarcocornia quinqueflora/Tecticornia arbuscular,2016,34.66252778,138.4476944,0,0.1,0.264078356,0.04608829,NA,1.095383896,GPS was taken from the centre core of each transect
Asanopoulos_et_al_2021,https://doi.org/10.1071/SR20040,Site 2_Port Gawler ,PGT50005,"Transect 2, Position 5",Mangrove,A marina,2016,34.66252778,138.4476944,0,0.1,4.594175664,0.433409614,NA,0.440262361,GPS was taken from the centre core of each transect
Asanopoulos_et_al_2021,https://doi.org/10.1071/SR20040,Site 2_Port Gawler ,PGT50006,"Transect 2, Position 6",Mangrove,A marina,2016,34.66252778,138.4476944,0,0.1,1.76619859,0.244136238,NA,0.668649705,GPS was taken from the centre core of each transect
Asanopoulos_et_al_2021,https://doi.org/10.1071/SR20040,Site 2_Port Gawler ,PGT50007,"Transect 2, Position 7",Mangrove,A marina,2016,34.66252778,138.4476944,0,0.1,3.088946809,0.419119064,NA,0.42613736,GPS was taken from the centre core of each transect
Asanopoulos_et_al_2021,https://doi.org/10.1071/SR20040,Site 2_Port Gawler ,PGT50008,"Transect 2, Position 8",Mangrove,A marina,2016,34.66252778,138.4476944,0,0.1,3.388277473,0.436325217,NA,0.389929611,GPS was taken from the centre core of each transect
Asanopoulos_et_al_2021,https://doi.org/10.1071/SR20040,Site 2_Port Gawler ,PGT60001,"Transect 3, Position 1",Tidal marsh,Sarcocornia quinqueflora/Tecticornia arbuscular,2016,34.66252778,138.44775,0,0.1,3.054860961,0.385422266,NA,0.58947012,GPS was taken from the centre core of each transect
Asanopoulos_et_al_2021,https://doi.org/10.1071/SR20040,Site 2_Port Gawler ,PGT60002,"Transect 3, Position 2",Tidal marsh,Sarcocornia quinqueflora/Tecticornia arbuscular,2016,34.66252778,138.44775,0,0.1,2.379347985,0.308209241,NA,0.520038777,GPS was taken from the centre core of each transect
Asanopoulos_et_al_2021,https://doi.org/10.1071/SR20040,Site 2_Port Gawler ,PGT60003,"Transect 3, Position 3",Tidal marsh,Sarcocornia quinqueflora/Tecticornia arbuscular,2016,34.66252778,138.44775,0,0.1,2.899235909,0.364445319,NA,0.527399693,GPS was taken from the centre core of each transect
Asanopoulos_et_al_2021,https://doi.org/10.1071/SR20040,Site 2_Port Gawler ,PGT60004,"Transect 3, Position 4",Tidal marsh,Sarcocornia quinqueflora/Tecticornia arbuscular,2016,34.66252778,138.44775,0,0.1,2.279746381,0.277635907,NA,0.479056379,GPS was taken from the centre core of each transect
Asanopoulos_et_al_2021,https://doi.org/10.1071/SR20040,Site 2_Port Gawler ,PGT60005,"Transect 3, Position 5",Mangrove,A marina,2016,34.66252778,138.44775,0,0.1,2.805295212,0.349443139,NA,0.497558141,GPS was taken from the centre core of each transect
Asanopoulos_et_al_2021,https://doi.org/10.1071/SR20040,Site 2_Port Gawler ,PGT60006,"Transect 3, Position 6",Mangrove,A marina,2016,34.66252778,138.44775,0,0.1,2.41064033,0.306919311,NA,0.601804629,GPS was taken from the centre core of each transect
Asanopoulos_et_al_2021,https://doi.org/10.1071/SR20040,Site 2_Port Gawler ,PGT60007,"Transect 3, Position 7",Mangrove,A marina,2016,34.66252778,138.44775,0,0.1,3.350797871,0.409602637,NA,0.505913775,GPS was taken from the centre core of each transect
Asanopoulos_et_al_2021,https://doi.org/10.1071/SR20040,Site 2_Port Gawler ,PGT60008,"Transect 3, Position 8",Mangrove,A marina,2016,34.66252778,138.44775,0,0.1,8.949710517,0.624126894,NA,0.293839814,GPS was taken from the centre core of each transect
Asanopoulos_et_al_2021,https://doi.org/10.1071/SR20040,Site 3_Clinton ,CLT70001,"Transect 1, Position 1",Tidal marsh,Sarcocornia quinqueflora/Tecticornia arbuscular,2016,34.15036111,138.0645556,0,0.1,0.733523885,0.107288866,NA,1.340482508,GPS was taken from the centre core of each transect
Asanopoulos_et_al_2021,https://doi.org/10.1071/SR20040,Site 3_Clinton ,CLT70002,"Transect 1, Position 2",Tidal marsh,Sarcocornia quinqueflora/Tecticornia arbuscular,2016,34.15036111,138.0645556,0,0.1,0.895068617,0.139588098,NA,1.109309953,GPS was taken from the centre core of each transect
Asanopoulos_et_al_2021,https://doi.org/10.1071/SR20040,Site 3_Clinton ,CLT70003,"Transect 1, Position 3",Tidal marsh,Sarcocornia quinqueflora/Tecticornia arbuscular,2016,34.15036111,138.0645556,0,0.1,1.458465037,0.193515766,NA,0.97283459,GPS was taken from the centre core of each transect
Asanopoulos_et_al_2021,https://doi.org/10.1071/SR20040,Site 3_Clinton ,CLT70004,"Transect 1, Position 4",Tidal marsh,Sarcocornia quinqueflora/Tecticornia arbuscular,2016,34.15036111,138.0645556,0,0.1,2.010123968,0.270194286,NA,0.996707831,GPS was taken from the centre core of each transect
Asanopoulos_et_al_2021,https://doi.org/10.1071/SR20040,Site 3_Clinton ,CLT70005,"Transect 1, Position 5",Mangrove,A marina,2016,34.15036111,138.0645556,0,0.1,3.609103081,0.46477208,NA,0.479255322,GPS was taken from the centre core of each transect
Asanopoulos_et_al_2021,https://doi.org/10.1071/SR20040,Site 3_Clinton ,CLT70006,"Transect 1, Position 6",Mangrove,A marina,2016,34.15036111,138.0645556,0,0.1,3.854116533,0.456220511,NA,0.437875037,GPS was taken from the centre core of each transect
Asanopoulos_et_al_2021,https://doi.org/10.1071/SR20040,Site 3_Clinton ,CLT70007,"Transect 1, Position 7",Mangrove,A marina,2016,34.15036111,138.0645556,0,0.1,3.548244012,0.447668941,NA,0.490396168,GPS was taken from the centre core of each transect
Asanopoulos_et_al_2021,https://doi.org/10.1071/SR20040,Site 3_Clinton ,CLT70008,"Transect 1, Position 8",Mangrove,A marina,2016,34.15036111,138.0645556,0,0.1,2.894092462,0.439117372,NA,0.602202516,GPS was taken from the centre core of each transect
Asanopoulos_et_al_2021,https://doi.org/10.1071/SR20040,Site 3_Clinton ,CLT80001,"Transect 2, Position 1",Tidal marsh,Sarcocornia quinqueflora/Tecticornia arbuscular,2016,34.15036111,138.0644444,0,0.1,1.005872429,0.11645269,NA,1.186102213,GPS was taken from the centre core of each transect
Asanopoulos_et_al_2021,https://doi.org/10.1071/SR20040,Site 3_Clinton ,CLT80002,"Transect 2, Position 2",Tidal marsh,Sarcocornia quinqueflora/Tecticornia arbuscular,2016,34.15036111,138.0644444,0,0.1,1.306158619,0.245222375,NA,1.071709598,GPS was taken from the centre core of each transect
Asanopoulos_et_al_2021,https://doi.org/10.1071/SR20040,Site 3_Clinton ,CLT80003,"Transect 2, Position 3",Tidal marsh,Sarcocornia quinqueflora/Tecticornia arbuscular,2016,34.15036111,138.0644444,0,0.1,2.411363081,0.305279662,NA,0.861227186,GPS was taken from the centre core of each transect
Asanopoulos_et_al_2021,https://doi.org/10.1071/SR20040,Site 3_Clinton ,CLT80004,"Transect 2, Position 4",Tidal marsh,Sarcocornia quinqueflora/Tecticornia arbuscular,2016,34.15036111,138.0644444,0,0.1,2.164654299,0.274315016,NA,1.029533538,GPS was taken from the centre core of each transect
Asanopoulos_et_al_2021,https://doi.org/10.1071/SR20040,Site 3_Clinton ,CLT80005,"Transect 2, Position 5",Mangrove,A marina,2016,34.15036111,138.0644444,0,0.1,3.077643926,0.430565803,NA,0.473883843,GPS was taken from the centre core of each transect
Asanopoulos_et_al_2021,https://doi.org/10.1071/SR20040,Site 3_Clinton ,CLT80006,"Transect 2, Position 6",Mangrove,A marina,2016,34.15036111,138.0644444,0,0.1,4.13188508,0.422014234,NA,0.420367993,GPS was taken from the centre core of each transect
Asanopoulos_et_al_2021,https://doi.org/10.1071/SR20040,Site 3_Clinton ,CLT80007,"Transect 2, Position 7",Mangrove,A marina,2016,34.15036111,138.0644444,0,0.1,4.418039021,0.413462665,NA,0.394505315,GPS was taken from the centre core of each transect
Asanopoulos_et_al_2021,https://doi.org/10.1071/SR20040,Site 3_Clinton ,CLT80008,"Transect 2, Position 8",Mangrove,A marina,2016,34.15036111,138.0644444,0,0.1,4.102252389,0.404911096,NA,0.455779968,GPS was taken from the centre core of each transect
Asanopoulos_et_al_2021,https://doi.org/10.1071/SR20040,Site 3_Clinton ,CLT90001,"Transect 3, Position 1",Tidal marsh,Sarcocornia quinqueflora/Tecticornia arbuscular,2016,34.15041667,138.0643889,0,0.1,2.707397313,0.341693578,NA,0.707443722,GPS was taken from the centre core of each transect
Asanopoulos_et_al_2021,https://doi.org/10.1071/SR20040,Site 3_Clinton ,CLT90002,"Transect 3, Position 2",Tidal marsh,Sarcocornia quinqueflora/Tecticornia arbuscular,2016,34.15041667,138.0643889,0,0.1,2.021851263,0.241008478,NA,0.840139156,GPS was taken from the centre core of each transect
Asanopoulos_et_al_2021,https://doi.org/10.1071/SR20040,Site 3_Clinton ,CLT90003,"Transect 3, Position 3",Tidal marsh,Sarcocornia quinqueflora/Tecticornia arbuscular,2016,34.15041667,138.0643889,0,0.1,2.697966376,0.318876144,NA,0.645373294,GPS was taken from the centre core of each transect
Asanopoulos_et_al_2021,https://doi.org/10.1071/SR20040,Site 3_Clinton ,CLT90004,"Transect 3, Position 4",Tidal marsh,Sarcocornia quinqueflora/Tecticornia arbuscular,2016,34.15041667,138.0643889,0,0.1,3.439224623,0.444623615,NA,0.595836318,GPS was taken from the centre core of each transect
Asanopoulos_et_al_2021,https://doi.org/10.1071/SR20040,Site 3_Clinton ,CLT90005,"Transect 3, Position 5",Mangrove,A marina,2016,34.15041667,138.0643889,0,0.1,2.934470053,0.361619052,NA,0.665267662,GPS was taken from the centre core of each transect
Asanopoulos_et_al_2021,https://doi.org/10.1071/SR20040,Site 3_Clinton ,CLT90006,"Transect 3, Position 6",Mangrove,A marina,2016,34.15041667,138.0643889,0,0.1,3.987845913,0.396359527,NA,0.454188419,GPS was taken from the centre core of each transect
Asanopoulos_et_al_2021,https://doi.org/10.1071/SR20040,Site 3_Clinton ,CLT90007,"Transect 3, Position 7",Mangrove,A marina,2016,34.15041667,138.0643889,0,0.1,3.835993742,0.387807957,NA,0.481045815,GPS was taken from the centre core of each transect
Asanopoulos_et_al_2021,https://doi.org/10.1071/SR20040,Site 3_Clinton ,CLT90008,"Transect 3, Position 8",Mangrove,A marina,2016,34.15041667,138.0643889,0,0.1,4.314516359,0.379256388,NA,0.374014116,GPS was taken from the centre core of each transect
Asanopoulos_et_al_2021,https://doi.org/10.1071/SR20040,Site 4_Port Wakefield,PWT10001,"Transect 1, Position 1",Tidal marsh,Sarcocornia quinqueflora/Tecticornia arbuscular,2016,34.191,138.1457778,0,0.1,2.980527589,0.370521307,NA,0.541723638,GPS was taken from the centre core of each transect
Asanopoulos_et_al_2021,https://doi.org/10.1071/SR20040,Site 4_Port Wakefield,PWT10002,"Transect 1, Position 2",Tidal marsh,Sarcocornia quinqueflora/Tecticornia arbuscular,2016,34.191,138.1457778,0,0.1,2.698510424,0.359758143,NA,0.529389129,GPS was taken from the centre core of each transect
Asanopoulos_et_al_2021,https://doi.org/10.1071/SR20040,Site 4_Port Wakefield,PWT10003,"Transect 1, Position 3",Tidal marsh,Sarcocornia quinqueflora/Tecticornia arbuscular,2016,34.191,138.1457778,0,0.1,3.103025973,0.371837403,NA,0.576339838,GPS was taken from the centre core of each transect
Asanopoulos_et_al_2021,https://doi.org/10.1071/SR20040,Site 4_Port Wakefield,PWT10004,"Transect 1, Position 4",Tidal marsh,Sarcocornia quinqueflora/Tecticornia arbuscular,2016,34.191,138.1457778,0,0.1,4.278972974,0.340997331,NA,0.682575762,GPS was taken from the centre core of each transect
Asanopoulos_et_al_2021,https://doi.org/10.1071/SR20040,Site 4_Port Wakefield,PWT10005,"Transect 1, Position 5",Mangrove,A marina,2016,34.191,138.1457778,0,0.1,2.698739276,0.295526384,NA,0.756781754,GPS was taken from the centre core of each transect
Asanopoulos_et_al_2021,https://doi.org/10.1071/SR20040,Site 4_Port Wakefield,PWT10006,"Transect 1, Position 6",Mangrove,A marina,2016,34.191,138.1457778,0,0.1,3.198283838,0.385897061,NA,0.54510568,GPS was taken from the centre core of each transect
Asanopoulos_et_al_2021,https://doi.org/10.1071/SR20040,Site 4_Port Wakefield,PWT10007,"Transect 1, Position 7",Mangrove,A marina,2016,34.191,138.1457778,0,0.1,4.470276472,0.49218805,NA,0.410619753,GPS was taken from the centre core of each transect
Asanopoulos_et_al_2021,https://doi.org/10.1071/SR20040,Site 4_Port Wakefield,PWT10008,"Transect 1, Position 8",Mangrove,A marina,2016,34.191,138.1457778,0,0.1,2.98448422,0.355905473,NA,0.709632103,GPS was taken from the centre core of each transect
Asanopoulos_et_al_2021,https://doi.org/10.1071/SR20040,Site 4_Port Wakefield,PWT11001,"Transect 2, Position 1",Tidal marsh,Sarcocornia quinqueflora/Tecticornia arbuscular,2016,34.19111111,138.1458333,0,0.1,2.266554239,0.36215325,NA,0.687151467,GPS was taken from the centre core of each transect
Asanopoulos_et_al_2021,https://doi.org/10.1071/SR20040,Site 4_Port Wakefield,PWT11002,"Transect 2, Position 2",Tidal marsh,Sarcocornia quinqueflora/Tecticornia arbuscular,2016,34.19111111,138.1458333,0,0.1,2.837691886,0.353601681,NA,0.617123292,GPS was taken from the centre core of each transect
Asanopoulos_et_al_2021,https://doi.org/10.1071/SR20040,Site 4_Port Wakefield,PWT11003,"Transect 2, Position 3",Tidal marsh,Sarcocornia quinqueflora/Tecticornia arbuscular,2016,34.19111111,138.1458333,0,0.1,3.395488809,0.345050112,NA,0.639404984,GPS was taken from the centre core of each transect
Asanopoulos_et_al_2021,https://doi.org/10.1071/SR20040,Site 4_Port Wakefield,PWT11004,"Transect 2, Position 4",Tidal marsh,Sarcocornia quinqueflora/Tecticornia arbuscular,2016,34.19111111,138.1458333,0,0.1,3.184,0.336498543,NA,0.592852163,GPS was taken from the centre core of each transect
Asanopoulos_et_al_2021,https://doi.org/10.1071/SR20040,Site 4_Port Wakefield,PWT11005,"Transect 2, Position 5",Mangrove,A marina,2016,34.19111111,138.1458333,0,0.1,3.086455185,0.327946973,NA,0.629258856,GPS was taken from the centre core of each transect
Asanopoulos_et_al_2021,https://doi.org/10.1071/SR20040,Site 4_Port Wakefield,PWT11006,"Transect 2, Position 6",Mangrove,A marina,2016,34.19111111,138.1458333,0,0.1,3.067053256,0.319395404,NA,0.547691948,GPS was taken from the centre core of each transect
Asanopoulos_et_al_2021,https://doi.org/10.1071/SR20040,Site 4_Port Wakefield,PWT11007,"Transect 2, Position 7",Mangrove,A marina,2016,34.19111111,138.1458333,0,0.1,2.614872706,0.310843835,NA,0.741662035,GPS was taken from the centre core of each transect
Asanopoulos_et_al_2021,https://doi.org/10.1071/SR20040,Site 4_Port Wakefield,PWT11008,"Transect 2, Position 8",Mangrove,A marina,2016,34.19111111,138.1458333,0,0.1,2.522788655,0.302292266,NA,0.753797599,GPS was taken from the centre core of each transect
Asanopoulos_et_al_2021,https://doi.org/10.1071/SR20040,Site 4_Port Wakefield,PWT12001,"Transect 3, Position 1",Tidal marsh,Sarcocornia quinqueflora/Tecticornia arbuscular,2016,34.19122222,138.1458333,0,0.1,3.03596111,0.285189128,NA,0.652535267,GPS was taken from the centre core of each transect
Asanopoulos_et_al_2021,https://doi.org/10.1071/SR20040,Site 4_Port Wakefield,PWT12002,"Transect 3, Position 2",Tidal marsh,Sarcocornia quinqueflora/Tecticornia arbuscular,2016,34.19122222,138.1458333,0,0.1,2.79393015,0.276637558,NA,0.681183156,GPS was taken from the centre core of each transect
Asanopoulos_et_al_2021,https://doi.org/10.1071/SR20040,Site 4_Port Wakefield,PWT12003,"Transect 3, Position 3",Tidal marsh,Sarcocornia quinqueflora/Tecticornia arbuscular,2016,34.19122222,138.1458333,0,0.1,2.207423085,0.268085989,NA,0.744248303,GPS was taken from the centre core of each transect
Asanopoulos_et_al_2021,https://doi.org/10.1071/SR20040,Site 4_Port Wakefield,PWT12004,"Transect 3, Position 4",Tidal marsh,Sarcocornia quinqueflora/Tecticornia arbuscular,2016,34.19122222,138.1458333,0,0.1,1.976800782,0.25953442,NA,0.876545849,GPS was taken from the centre core of each transect
Asanopoulos_et_al_2021,https://doi.org/10.1071/SR20040,Site 4_Port Wakefield,PWT12005,"Transect 3, Position 5",Mangrove,A marina,2016,34.19122222,138.1458333,0,0.1,1.81926962,0.250982851,NA,0.972436702,GPS was taken from the centre core of each transect
Asanopoulos_et_al_2021,https://doi.org/10.1071/SR20040,Site 4_Port Wakefield,PWT12006,"Transect 3, Position 6",Mangrove,A marina,2016,34.19122222,138.1458333,0,0.1,2.069,0.242431282,NA,0.956720152,GPS was taken from the centre core of each transect
Asanopoulos_et_al_2021,https://doi.org/10.1071/SR20040,Site 4_Port Wakefield,PWT12007,"Transect 3, Position 7",Mangrove,A marina,2016,34.19122222,138.1458333,0,0.1,2.591430231,0.233879713,NA,0.840735987,GPS was taken from the centre core of each transect
Asanopoulos_et_al_2021,https://doi.org/10.1071/SR20040,Site 4_Port Wakefield,PWT12008,"Transect 3, Position 8",Mangrove,A marina,2016,34.19122222,138.1458333,0,0.1,2.350559984,0.225328144,NA,0.872169088,GPS was taken from the centre core of each transect
Asanopoulos_et_al_2021,https://doi.org/10.1071/SR20040,Site 5_Port Pirie,PPT130001,"Transect 1, Position 1",Tidal marsh,Sarcocornia quinqueflora/Tecticornia arbuscular,2016,33.15725,137.9391667,0,0.1,3.343730615,0.353747051,NA,0.654524703,GPS was taken from the centre core of each transect
Asanopoulos_et_al_2021,https://doi.org/10.1071/SR20040,Site 5_Port Pirie,PPT130002,"Transect 1, Position 2",Tidal marsh,Sarcocornia quinqueflora/Tecticornia arbuscular,2016,33.15725,137.9391667,0,0.1,2.737904656,0.31204126,NA,0.729725414,GPS was taken from the centre core of each transect
Asanopoulos_et_al_2021,https://doi.org/10.1071/SR20040,Site 5_Port Pirie,PPT130003,"Transect 1, Position 3",Tidal marsh,Sarcocornia quinqueflora/Tecticornia arbuscular,2016,33.15725,137.9391667,0,0.1,3.095430228,0.334951403,NA,0.696700763,GPS was taken from the centre core of each transect
Asanopoulos_et_al_2021,https://doi.org/10.1071/SR20040,Site 5_Port Pirie,PPT130004,"Transect 1, Position 4",Tidal marsh,Sarcocornia quinqueflora/Tecticornia arbuscular,2016,33.15725,137.9391667,0,0.1,2.957834017,0.337889646,NA,0.688146185,GPS was taken from the centre core of each transect
Asanopoulos_et_al_2021,https://doi.org/10.1071/SR20040,Site 5_Port Pirie,PPT130005,"Transect 1, Position 5",Mangrove,A marina,2016,33.15725,137.9391667,0,0.1,3.622017373,0.394466386,NA,0.587679627,GPS was taken from the centre core of each transect
Asanopoulos_et_al_2021,https://doi.org/10.1071/SR20040,Site 5_Port Pirie,PPT130006,"Transect 1, Position 6",Mangrove,A marina,2016,33.15725,137.9391667,0,0.1,2.016362703,0.250459151,NA,0.733704288,GPS was taken from the centre core of each transect
Asanopoulos_et_al_2021,https://doi.org/10.1071/SR20040,Site 5_Port Pirie,PPT130007,"Transect 1, Position 7",Mangrove,A marina,2016,33.15725,137.9391667,0,0.1,7.693371146,0.689736931,NA,0.272751784,GPS was taken from the centre core of each transect
Asanopoulos_et_al_2021,https://doi.org/10.1071/SR20040,Site 5_Port Pirie,PPT130008,"Transect 1, Position 8",Mangrove,A marina,2016,33.15725,137.9391667,0,0.1,2.97110526,0.31,NA,0.710825765,GPS was taken from the centre core of each transect
Asanopoulos_et_al_2021,https://doi.org/10.1071/SR20040,Site 5_Port Pirie,PPT140001,"Transect 2, Position 1",Tidal marsh,Sarcocornia quinqueflora/Tecticornia arbuscular,2016,33.15725,137.9391667,0,0.1,1.874379365,0.21759233,NA,0.755787036,GPS was taken from the centre core of each transect
Asanopoulos_et_al_2021,https://doi.org/10.1071/SR20040,Site 5_Port Pirie,PPT140002,"Transect 2, Position 2",Tidal marsh,Sarcocornia quinqueflora/Tecticornia arbuscular,2016,33.15725,137.9391667,0,0.1,2.782992807,0.318209765,NA,0.701873299,GPS was taken from the centre core of each transect
Asanopoulos_et_al_2021,https://doi.org/10.1071/SR20040,Site 5_Port Pirie,PPT140003,"Transect 2, Position 3",Tidal marsh,Sarcocornia quinqueflora/Tecticornia arbuscular,2016,33.15725,137.9391667,0,0.1,1.804547007,0.229778749,NA,0.825815211,GPS was taken from the centre core of each transect
Asanopoulos_et_al_2021,https://doi.org/10.1071/SR20040,Site 5_Port Pirie,PPT140004,"Transect 2, Position 4",Tidal marsh,Sarcocornia quinqueflora/Tecticornia arbuscular,2016,33.15725,137.9391667,0,0.1,2.932616587,0.342935522,NA,0.63164618,GPS was taken from the centre core of each transect
Asanopoulos_et_al_2021,https://doi.org/10.1071/SR20040,Site 5_Port Pirie,PPT140005,"Transect 2, Position 5",Mangrove,A marina,2016,33.15725,137.9391667,0,0.1,1.650474908,0.175799752,NA,0.875750074,GPS was taken from the centre core of each transect
Asanopoulos_et_al_2021,https://doi.org/10.1071/SR20040,Site 5_Port Pirie,PPT140006,"Transect 2, Position 6",Mangrove,A marina,2016,33.15725,137.9391667,0,0.1,7.387428899,0.680183045,NA,0.301598617,GPS was taken from the centre core of each transect
Asanopoulos_et_al_2021,https://doi.org/10.1071/SR20040,Site 5_Port Pirie,PPT140007,"Transect 2, Position 7",Mangrove,A marina,2016,33.15725,137.9391667,0,0.1,7.92266881,0.676184631,NA,0.383364469,GPS was taken from the centre core of each transect
Asanopoulos_et_al_2021,https://doi.org/10.1071/SR20040,Site 5_Port Pirie,PPT140008,"Transect 2, Position 8",Mangrove,A marina,2016,33.15725,137.9391667,0,0.1,5.767851188,0.555,NA,0.336612705,GPS was taken from the centre core of each transect
Asanopoulos_et_al_2021,https://doi.org/10.1071/SR20040,Site 5_Port Pirie,PPT150001,"Transect 3, Position 1",Tidal marsh,Sarcocornia quinqueflora/Tecticornia arbuscular,2016,33.15725,137.9391667,0,0.1,3.303584391,0.363661921,NA,0.643383857,GPS was taken from the centre core of each transect
Asanopoulos_et_al_2021,https://doi.org/10.1071/SR20040,Site 5_Port Pirie,PPT150002,"Transect 3, Position 2",Tidal marsh,Sarcocornia quinqueflora/Tecticornia arbuscular,2016,33.15725,137.9391667,0,0.1,1.840628488,0.232210387,NA,0.827008873,GPS was taken from the centre core of each transect
Asanopoulos_et_al_2021,https://doi.org/10.1071/SR20040,Site 5_Port Pirie,PPT150003,"Transect 3, Position 3",Tidal marsh,Sarcocornia quinqueflora/Tecticornia arbuscular,2016,33.15725,137.9391667,0,0.1,2.698498622,0.331987398,NA,0.656116253,GPS was taken from the centre core of each transect
Asanopoulos_et_al_2021,https://doi.org/10.1071/SR20040,Site 5_Port Pirie,PPT150004,"Transect 3, Position 4",Tidal marsh,Sarcocornia quinqueflora/Tecticornia arbuscular,2016,33.15725,137.9391667,0,0.1,2.718388546,0.336890269,NA,0.657508859,GPS was taken from the centre core of each transect
Asanopoulos_et_al_2021,https://doi.org/10.1071/SR20040,Site 5_Port Pirie,PPT150005,"Transect 3, Position 5",Mangrove,A marina,2016,33.15725,137.9391667,0,0.1,3.036087044,0.353492785,NA,0.621102165,GPS was taken from the centre core of each transect
Asanopoulos_et_al_2021,https://doi.org/10.1071/SR20040,Site 5_Port Pirie,PPT150006,"Transect 3, Position 6",Mangrove,A marina,2016,33.15725,137.9391667,0,0.1,3.501116442,0.401555108,NA,0.530582792,GPS was taken from the centre core of each transect
Asanopoulos_et_al_2021,https://doi.org/10.1071/SR20040,Site 5_Port Pirie,PPT150007,"Transect 3, Position 7",Mangrove,A marina,2016,33.15725,137.9391667,0,0.1,3.424084729,0.383147993,NA,0.780058165,GPS was taken from the centre core of each transect
Asanopoulos_et_al_2021,https://doi.org/10.1071/SR20040,Site 5_Port Pirie,PPT150008,"Transect 3, Position 8",Mangrove,A marina,2016,33.15725,137.9391667,0,0.1,2.427619247,0.28,NA,0.7679226,GPS was taken from the centre core of each transect
Asanopoulos_et_al_2021,https://doi.org/10.1071/SR20040,Site 6_Mutton Cove,MCT16001,"Transect 1, Position 1",Tidal marsh,Sarcocornia quinqueflora/Tecticornia arbuscular,2016,34.77536111,138.5125,0,0.1,10.51678346,0.845959363,NA,0.248082768,GPS was taken from the centre core of each transect
Asanopoulos_et_al_2021,https://doi.org/10.1071/SR20040,Site 6_Mutton Cove,MCT16002,"Transect 1, Position 2",Tidal marsh,Sarcocornia quinqueflora/Tecticornia arbuscular,2016,34.77536111,138.5125,0,0.1,8.733133525,0.752430155,NA,0.292845095,GPS was taken from the centre core of each transect
Asanopoulos_et_al_2021,https://doi.org/10.1071/SR20040,Site 6_Mutton Cove,MCT16003,"Transect 1, Position 3",Tidal marsh,Sarcocornia quinqueflora/Tecticornia arbuscular,2016,34.77536111,138.5125,0,0.1,5.605938838,0.468127013,NA,0.411415528,GPS was taken from the centre core of each transect
Asanopoulos_et_al_2021,https://doi.org/10.1071/SR20040,Site 6_Mutton Cove,MCT16004,"Transect 1, Position 4",Tidal marsh,Sarcocornia quinqueflora/Tecticornia arbuscular,2016,34.77536111,138.5125,0,0.1,7.607935398,0.616513581,NA,0.380778201,GPS was taken from the centre core of each transect
Asanopoulos_et_al_2021,https://doi.org/10.1071/SR20040,Site 6_Mutton Cove,MCT16005,"Transect 1, Position 5",Mangrove,A marina,2016,34.77536111,138.5125,0,0.1,5.537692314,0.489029313,NA,0.540927863,GPS was taken from the centre core of each transect
Asanopoulos_et_al_2021,https://doi.org/10.1071/SR20040,Site 6_Mutton Cove,MCT16006,"Transect 1, Position 6",Mangrove,A marina,2016,34.77536111,138.5125,0,0.1,4.589633556,0.409294136,NA,0.554834026,GPS was taken from the centre core of each transect
Asanopoulos_et_al_2021,https://doi.org/10.1071/SR20040,Site 6_Mutton Cove,MCT16007,"Transect 1, Position 7",Mangrove,A marina,2016,34.77536111,138.5125,0,0.1,5.828585422,0.590593056,NA,0.360068164,GPS was taken from the centre core of each transect
Asanopoulos_et_al_2021,https://doi.org/10.1071/SR20040,Site 6_Mutton Cove,MCT16008,"Transect 1, Position 8",Mangrove,A marina,2016,34.77536111,138.5125,0,0.1,5.054893666,0.442102286,NA,0.399021337,GPS was taken from the centre core of each transect
Asanopoulos_et_al_2021,https://doi.org/10.1071/SR20040,Site 6_Mutton Cove,MCT17001,"Transect 2, Position 1",Tidal marsh,Sarcocornia quinqueflora/Tecticornia arbuscular,2016,34.77486111,138.5135278,0,0.1,9.289221561,0.77015968,NA,0.337408479,GPS was taken from the centre core of each transect
Asanopoulos_et_al_2021,https://doi.org/10.1071/SR20040,Site 6_Mutton Cove,MCT17002,"Transect 2, Position 2",Tidal marsh,Sarcocornia quinqueflora/Tecticornia arbuscular,2016,34.77486111,138.5135278,0,0.1,7.883161115,0.643216062,NA,0.357820101,GPS was taken from the centre core of each transect
Asanopoulos_et_al_2021,https://doi.org/10.1071/SR20040,Site 6_Mutton Cove,MCT17003,"Transect 2, Position 3",Tidal marsh,Sarcocornia quinqueflora/Tecticornia arbuscular,2016,34.77486111,138.5135278,0,0.1,6.864481886,0.526346994,NA,0.354577319,GPS was taken from the centre core of each transect
Asanopoulos_et_al_2021,https://doi.org/10.1071/SR20040,Site 6_Mutton Cove,MCT17004,"Transect 2, Position 4",Tidal marsh,Sarcocornia quinqueflora/Tecticornia arbuscular,2016,34.77486111,138.5135278,0,0.1,6.408939688,0.522160373,NA,0.340173796,GPS was taken from the centre core of each transect
Asanopoulos_et_al_2021,https://doi.org/10.1071/SR20040,Site 6_Mutton Cove,MCT17005,"Transect 2, Position 5",Mangrove,A marina,2016,34.77486111,138.5135278,0,0.1,6.51773455,0.542073649,NA,0.488108316,GPS was taken from the centre core of each transect
Asanopoulos_et_al_2021,https://doi.org/10.1071/SR20040,Site 6_Mutton Cove,MCT17006,"Transect 2, Position 6",Mangrove,A marina,2016,34.77486111,138.5135278,0,0.1,7.194082614,0.589286989,NA,0.357641051,GPS was taken from the centre core of each transect
Asanopoulos_et_al_2021,https://doi.org/10.1071/SR20040,Site 6_Mutton Cove,MCT17007,"Transect 2, Position 7",Mangrove,A marina,2016,34.77486111,138.5135278,0,0.1,5.267036211,0.467673862,NA,0.491868352,GPS was taken from the centre core of each transect
Asanopoulos_et_al_2021,https://doi.org/10.1071/SR20040,Site 6_Mutton Cove,MCT17008,"Transect 2, Position 8",Mangrove,A marina,2016,34.77486111,138.5135278,0,0.1,4.115656309,0.358255367,NA,0.542817828,GPS was taken from the centre core of each transect
Asanopoulos_et_al_2021,https://doi.org/10.1071/SR20040,Site 6_Mutton Cove,MCT18001,"Transect 3, Position 1",Tidal marsh,Sarcocornia quinqueflora/Tecticornia arbuscular,2016,34.77477778,138.5135,0,0.1,9.643464844,0.7737569,NA,0.252678367,GPS was taken from the centre core of each transect
Asanopoulos_et_al_2021,https://doi.org/10.1071/SR20040,Site 6_Mutton Cove,MCT18002,"Transect 3, Position 2",Tidal marsh,Sarcocornia quinqueflora/Tecticornia arbuscular,2016,34.77477778,138.5135,0,0.1,10.17214201,0.801536809,NA,0.168047726,GPS was taken from the centre core of each transect
Asanopoulos_et_al_2021,https://doi.org/10.1071/SR20040,Site 6_Mutton Cove,MCT18003,"Transect 3, Position 3",Tidal marsh,Sarcocornia quinqueflora/Tecticornia arbuscular,2016,34.77477778,138.5135,0,0.1,8.845735999,0.673120722,NA,0.325969218,GPS was taken from the centre core of each transect
Asanopoulos_et_al_2021,https://doi.org/10.1071/SR20040,Site 6_Mutton Cove,MCT18004,"Transect 3, Position 4",Tidal marsh,Sarcocornia quinqueflora/Tecticornia arbuscular,2016,34.77477778,138.5135,0,0.1,9.683984517,0.807070472,NA,0.284807771,GPS was taken from the centre core of each transect
Asanopoulos_et_al_2021,https://doi.org/10.1071/SR20040,Site 6_Mutton Cove,MCT18005,"Transect 3, Position 5",Mangrove,A marina,2016,34.77477778,138.5135,0,0.1,4.594907435,0.383420402,NA,0.5125386,GPS was taken from the centre core of each transect
Asanopoulos_et_al_2021,https://doi.org/10.1071/SR20040,Site 6_Mutton Cove,MCT18006,"Transect 3, Position 6",Mangrove,A marina,2016,34.77477778,138.5135,0,0.1,7.451090767,0.656515325,NA,0.423372043,GPS was taken from the centre core of each transect
Asanopoulos_et_al_2021,https://doi.org/10.1071/SR20040,Site 6_Mutton Cove,MCT18007,"Transect 3, Position 7",Mangrove,A marina,2016,34.77477778,138.5135,0,0.1,4.501408425,0.423172249,NA,0.486815182,GPS was taken from the centre core of each transect
Asanopoulos_et_al_2021,https://doi.org/10.1071/SR20040,Site 6_Mutton Cove,MCT18008,"Transect 3, Position 8",Mangrove,A marina,2016,34.77477778,138.5135,0,0.1,5.154379852,0.469845274,NA,0.374690525,GPS was taken from the centre core of each transect
Asanopoulos_et_al_2021,https://doi.org/10.1071/SR20040,Site 7_Port Broughton,PBT19001,"Transect 1, Position 1",Tidal marsh,Sarcocornia quinqueflora/Tecticornia arbuscular,2016,33.55516667,137.9455,0,0.1,10.46164856,1.006699798,NA,0.279217453,GPS was taken from the centre core of each transect
Asanopoulos_et_al_2021,https://doi.org/10.1071/SR20040,Site 7_Port Broughton,PBT19002,"Transect 1, Position 2",Tidal marsh,Sarcocornia quinqueflora/Tecticornia arbuscular,2016,33.55516667,137.9455,0,0.1,11.19868414,1.127064414,NA,0.245416922,GPS was taken from the centre core of each transect
Asanopoulos_et_al_2021,https://doi.org/10.1071/SR20040,Site 7_Port Broughton,PBT19003,"Transect 1, Position 3",Tidal marsh,Sarcocornia quinqueflora/Tecticornia arbuscular,2016,33.55516667,137.9455,0,0.1,12.60675504,1.124995574,NA,0.186967269,GPS was taken from the centre core of each transect
Asanopoulos_et_al_2021,https://doi.org/10.1071/SR20040,Site 7_Port Broughton,PBT19004,"Transect 1, Position 4",Tidal marsh,Sarcocornia quinqueflora/Tecticornia arbuscular,2016,33.55516667,137.9455,0,0.1,14.42834422,1.381188411,NA,0.163631176,GPS was taken from the centre core of each transect
Asanopoulos_et_al_2021,https://doi.org/10.1071/SR20040,Site 7_Port Broughton,PBT19005,"Transect 1, Position 5",Mangrove,A marina,2016,33.55516667,137.9455,0,0.1,15.37871944,1.45487053,NA,0.183704593,GPS was taken from the centre core of each transect
Asanopoulos_et_al_2021,https://doi.org/10.1071/SR20040,Site 7_Port Broughton,PBT19006,"Transect 1, Position 6",Mangrove,A marina,2016,33.55516667,137.9455,0,0.1,7.336,0.772610408,NA,0.353045453,GPS was taken from the centre core of each transect
Asanopoulos_et_al_2021,https://doi.org/10.1071/SR20040,Site 7_Port Broughton,PBT19007,"Transect 1, Position 7",Mangrove,A marina,2016,33.55516667,137.9455,0,0.1,18.36001594,1.56807635,NA,0.146959696,GPS was taken from the centre core of each transect
Asanopoulos_et_al_2021,https://doi.org/10.1071/SR20040,Site 7_Port Broughton,PBT19008,"Transect 1, Position 8",Mangrove,A marina,2016,33.55516667,137.9455,0,0.1,15.98,0.841,NA,0.229342273,GPS was taken from the centre core of each transect
Asanopoulos_et_al_2021,https://doi.org/10.1071/SR20040,Site 7_Port Broughton,PBT20001,"Transect 2, Position 1",Tidal marsh,Sarcocornia quinqueflora/Tecticornia arbuscular,2016,33.55525,137.9454444,0,0.1,11.63483415,1.07914889,NA,0.230854245,GPS was taken from the centre core of each transect
Asanopoulos_et_al_2021,https://doi.org/10.1071/SR20040,Site 7_Port Broughton,PBT20002,"Transect 2, Position 2",Tidal marsh,Sarcocornia quinqueflora/Tecticornia arbuscular,2016,33.55525,137.9454444,0,0.1,15.10589798,1.439868354,NA,0.271757065,GPS was taken from the centre core of each transect
Asanopoulos_et_al_2021,https://doi.org/10.1071/SR20040,Site 7_Port Broughton,PBT20003,"Transect 2, Position 3",Tidal marsh,Sarcocornia quinqueflora/Tecticornia arbuscular,2016,33.55525,137.9454444,0,0.1,11.45217513,1.038247242,NA,0.297400906,GPS was taken from the centre core of each transect
Asanopoulos_et_al_2021,https://doi.org/10.1071/SR20040,Site 7_Port Broughton,PBT20004,"Transect 2, Position 4",Tidal marsh,Sarcocornia quinqueflora/Tecticornia arbuscular,2016,33.55525,137.9454444,0,0.1,14.12497254,1.258748643,NA,0.259919916,GPS was taken from the centre core of each transect
Asanopoulos_et_al_2021,https://doi.org/10.1071/SR20040,Site 7_Port Broughton,PBT20005,"Transect 2, Position 5",Mangrove,A marina,2016,33.55525,137.9454444,0,0.1,15.68768799,1.420762237,NA,0.202584348,GPS was taken from the centre core of each transect
Asanopoulos_et_al_2021,https://doi.org/10.1071/SR20040,Site 7_Port Broughton,PBT20006,"Transect 2, Position 6",Mangrove,A marina,2016,33.55525,137.9454444,0,0.1,11.40574804,0.925927127,NA,0.243049492,GPS was taken from the centre core of each transect
Asanopoulos_et_al_2021,https://doi.org/10.1071/SR20040,Site 7_Port Broughton,PBT20007,"Transect 2, Position 7",Mangrove,A marina,2016,33.55525,137.9454444,0,0.1,14.56834192,1.150382123,NA,0.172046493,GPS was taken from the centre core of each transect
Asanopoulos_et_al_2021,https://doi.org/10.1071/SR20040,Site 7_Port Broughton,PBT20008,"Transect 2, Position 8",Mangrove,A marina,2016,33.55525,137.9454444,0,0.1,15.79177109,1.377364267,NA,0.247883824,GPS was taken from the centre core of each transect
Asanopoulos_et_al_2021,https://doi.org/10.1071/SR20040,Site 7_Port Broughton,PBT21001,"Transect 3, Position 1",Tidal marsh,Sarcocornia quinqueflora/Tecticornia arbuscular,2016,33.55525,137.9454444,0,0.1,8.286575807,0.806292966,NA,0.375963764,GPS was taken from the centre core of each transect
Asanopoulos_et_al_2021,https://doi.org/10.1071/SR20040,Site 7_Port Broughton,PBT21002,"Transect 3, Position 2",Tidal marsh,Sarcocornia quinqueflora/Tecticornia arbuscular,2016,33.55525,137.9454444,0,0.1,5.91001518,0.67163492,NA,0.394744048,GPS was taken from the centre core of each transect
Asanopoulos_et_al_2021,https://doi.org/10.1071/SR20040,Site 7_Port Broughton,PBT21003,"Transect 3, Position 3",Tidal marsh,Sarcocornia quinqueflora/Tecticornia arbuscular,2016,33.55525,137.9454444,0,0.1,9.23507879,1.001040124,NA,0.216490511,GPS was taken from the centre core of each transect
Asanopoulos_et_al_2021,https://doi.org/10.1071/SR20040,Site 7_Port Broughton,PBT21004,"Transect 3, Position 4",Tidal marsh,Sarcocornia quinqueflora/Tecticornia arbuscular,2016,33.55525,137.9454444,0,0.1,7.350072788,0.791142497,NA,0.248142451,GPS was taken from the centre core of each transect
Asanopoulos_et_al_2021,https://doi.org/10.1071/SR20040,Site 7_Port Broughton,PBT21005,"Transect 3, Position 5",Mangrove,A marina,2016,33.55525,137.9454444,0,0.1,16.78166037,1.432412439,NA,0.229322379,GPS was taken from the centre core of each transect
Asanopoulos_et_al_2021,https://doi.org/10.1071/SR20040,Site 7_Port Broughton,PBT21006,"Transect 3, Position 6",Mangrove,A marina,2016,33.55525,137.9454444,0,0.1,17.62325688,1.363445321,NA,0.208353715,GPS was taken from the centre core of each transect
Asanopoulos_et_al_2021,https://doi.org/10.1071/SR20040,Site 7_Port Broughton,PBT21007,"Transect 3, Position 7",Mangrove,A marina,2016,33.55525,137.9454444,0,0.1,2.35908591,0.282784438,NA,0.570152689,GPS was taken from the centre core of each transect
Asanopoulos_et_al_2021,https://doi.org/10.1071/SR20040,Site 7_Port Broughton,PBT21008,"Transect 3, Position 8",Mangrove,A marina,2016,33.55525,137.9454444,0,0.1,1.807577403,0.226589355,NA,0.640121181,GPS was taken from the centre core of each transect
Asanopoulos_et_al_2021,https://doi.org/10.1071/SR20040,Site 8_Port Patterson ,PPAT22001,"Transect 1, Position 1",Tidal marsh,Sarcocornia quinqueflora/Tecticornia arbuscular,2016,32.49086111,137.7542222,0,0.1,1.366943545,0.173830152,NA,0.962191103,GPS was taken from the centre core of each transect
Asanopoulos_et_al_2021,https://doi.org/10.1071/SR20040,Site 8_Port Patterson ,PPAT22002,"Transect 1, Position 2",Tidal marsh,Sarcocornia quinqueflora/Tecticornia arbuscular,2016,32.49086111,137.7542222,0,0.1,0.838150905,0.107458153,NA,1.069640584,GPS was taken from the centre core of each transect
Asanopoulos_et_al_2021,https://doi.org/10.1071/SR20040,Site 8_Port Patterson ,PPAT22003,"Transect 1, Position 3",Tidal marsh,Sarcocornia quinqueflora/Tecticornia arbuscular,2016,32.49086111,137.7542222,0,0.1,0.782567759,0.105492431,NA,1.050004843,GPS was taken from the centre core of each transect
Asanopoulos_et_al_2021,https://doi.org/10.1071/SR20040,Site 8_Port Patterson ,PPAT22004,"Transect 1, Position 4",Tidal marsh,Sarcocornia quinqueflora/Tecticornia arbuscular,2016,32.49086111,137.7542222,0,0.1,0.765935545,0.101563927,NA,0.969532125,GPS was taken from the centre core of each transect
Asanopoulos_et_al_2021,https://doi.org/10.1071/SR20040,Site 8_Port Patterson ,PPAT22005,"Transect 1, Position 5",Mangrove,A marina,2016,32.49086111,137.7542222,0,0.1,1.67155294,0.202493275,NA,0.782107285,GPS was taken from the centre core of each transect
Asanopoulos_et_al_2021,https://doi.org/10.1071/SR20040,Site 8_Port Patterson ,PPAT22006,"Transect 1, Position 6",Mangrove,A marina,2016,32.49086111,137.7542222,0,0.1,1.306641427,0.165131581,NA,0.801464505,GPS was taken from the centre core of each transect
Asanopoulos_et_al_2021,https://doi.org/10.1071/SR20040,Site 8_Port Patterson ,PPAT22007,"Transect 1, Position 7",Mangrove,A marina,2016,32.49086111,137.7542222,0,0.1,1.287332582,0.163701053,NA,0.868050954,GPS was taken from the centre core of each transect
Asanopoulos_et_al_2021,https://doi.org/10.1071/SR20040,Site 8_Port Patterson ,PPAT22008,"Transect 1, Position 8",Mangrove,A marina,2016,32.49086111,137.7542222,0,0.1,0.704,0.316,NA,1.066835478,GPS was taken from the centre core of each transect
Asanopoulos_et_al_2021,https://doi.org/10.1071/SR20040,Site 8_Port Patterson ,PPAT23001,"Transect 2, Position 1",Tidal marsh,Sarcocornia quinqueflora/Tecticornia arbuscular,2016,32.57611111,137.8319722,0,0.1,0.909561407,0.117029036,NA,0.925863987,GPS was taken from the centre core of each transect
Asanopoulos_et_al_2021,https://doi.org/10.1071/SR20040,Site 8_Port Patterson ,PPAT23002,"Transect 2, Position 2",Tidal marsh,Sarcocornia quinqueflora/Tecticornia arbuscular,2016,32.57611111,137.8319722,0,0.1,1.014998188,0.12904316,NA,0.985586879,GPS was taken from the centre core of each transect
Asanopoulos_et_al_2021,https://doi.org/10.1071/SR20040,Site 8_Port Patterson ,PPAT23003,"Transect 2, Position 3",Tidal marsh,Sarcocornia quinqueflora/Tecticornia arbuscular,2016,32.57611111,137.8319722,0,0.1,0.810696574,0.106532119,NA,0.91303212,GPS was taken from the centre core of each transect
Asanopoulos_et_al_2021,https://doi.org/10.1071/SR20040,Site 8_Port Patterson ,PPAT23004,"Transect 2, Position 4",Tidal marsh,Sarcocornia quinqueflora/Tecticornia arbuscular,2016,32.57611111,137.8319722,0,0.1,1.188462481,0.148450107,NA,0.865723313,GPS was taken from the centre core of each transect
Asanopoulos_et_al_2021,https://doi.org/10.1071/SR20040,Site 8_Port Patterson ,PPAT23005,"Transect 2, Position 5",Mangrove,A marina,2016,32.57611111,137.8319722,0,0.1,1.078302242,0.138038309,NA,0.752623832,GPS was taken from the centre core of each transect
Asanopoulos_et_al_2021,https://doi.org/10.1071/SR20040,Site 8_Port Patterson ,PPAT23006,"Transect 2, Position 6",Mangrove,A marina,2016,32.57611111,137.8319722,0,0.1,1.404082483,0.175916173,NA,0.787618025,GPS was taken from the centre core of each transect
Asanopoulos_et_al_2021,https://doi.org/10.1071/SR20040,Site 8_Port Patterson ,PPAT23007,"Transect 2, Position 7",Mangrove,A marina,2016,32.57611111,137.8319722,0,0.1,1.083256857,0.138187201,NA,0.759606755,GPS was taken from the centre core of each transect
Asanopoulos_et_al_2021,https://doi.org/10.1071/SR20040,Site 8_Port Patterson ,PPAT23008,"Transect 2, Position 8",Mangrove,A marina,2016,32.57611111,137.8319722,0,0.1,0.954,0.135250839,NA,0.873322961,GPS was taken from the centre core of each transect
Asanopoulos_et_al_2021,https://doi.org/10.1071/SR20040,Site 8_Port Patterson ,PPAT24001,"Transect 3, Position 1",Tidal marsh,Sarcocornia quinqueflora/Tecticornia arbuscular,2016,32.57625,137.8318611,0,0.1,0.766778251,0.107583139,NA,0.965951138,GPS was taken from the centre core of each transect
Asanopoulos_et_al_2021,https://doi.org/10.1071/SR20040,Site 8_Port Patterson ,PPAT24002,"Transect 3, Position 2",Tidal marsh,Sarcocornia quinqueflora/Tecticornia arbuscular,2016,32.57625,137.8318611,0,0.1,0.831080039,0.11589689,NA,1.007828783,GPS was taken from the centre core of each transect
Asanopoulos_et_al_2021,https://doi.org/10.1071/SR20040,Site 8_Port Patterson ,PPAT24003,"Transect 3, Position 3",Tidal marsh,Sarcocornia quinqueflora/Tecticornia arbuscular,2016,32.57625,137.8318611,0,0.1,0.998855012,0.135151976,NA,0.869105355,GPS was taken from the centre core of each transect
Asanopoulos_et_al_2021,https://doi.org/10.1071/SR20040,Site 8_Port Patterson ,PPAT24004,"Transect 3, Position 4",Tidal marsh,Sarcocornia quinqueflora/Tecticornia arbuscular,2016,32.57625,137.8318611,0,0.1,0.904926731,0.121819788,NA,0.884861695,GPS was taken from the centre core of each transect
Asanopoulos_et_al_2021,https://doi.org/10.1071/SR20040,Site 8_Port Patterson ,PPAT24005,"Transect 3, Position 5",Mangrove,A marina,2016,32.57625,137.8318611,0,0.1,1.223454861,0.163876704,NA,0.697357278,GPS was taken from the centre core of each transect
Asanopoulos_et_al_2021,https://doi.org/10.1071/SR20040,Site 8_Port Patterson ,PPAT24006,"Transect 3, Position 6",Mangrove,A marina,2016,32.57625,137.8318611,0,0.1,1.465108818,0.163718716,NA,0.674299705,GPS was taken from the centre core of each transect
Asanopoulos_et_al_2021,https://doi.org/10.1071/SR20040,Site 8_Port Patterson ,PPAT24007,"Transect 3, Position 7",Mangrove,A marina,2016,32.57625,137.8318611,0,0.1,0.958208343,0.124868991,NA,0.869204827,GPS was taken from the centre core of each transect
Asanopoulos_et_al_2021,https://doi.org/10.1071/SR20040,Site 8_Port Patterson ,PPAT24008,"Transect 3, Position 8",Mangrove,A marina,2016,32.57625,137.8318611,0,0.1,1.276572235,0.160931877,NA,0.799773483,GPS was taken from the centre core of each transect
Asanopoulos_et_al_2021,https://doi.org/10.1071/SR20040,Site 9_Port Augusta,PAGT25001,"Transect 1, Position 1",Tidal marsh,Sarcocornia quinqueflora/Tecticornia arbuscular,2016,33.60036111,137.9297222,0,0.1,1.452409363,0.166646185,NA,0.540390715,GPS was taken from the centre core of each transect
Asanopoulos_et_al_2021,https://doi.org/10.1071/SR20040,Site 9_Port Augusta,PAGT25002,"Transect 1, Position 2",Tidal marsh,Sarcocornia quinqueflora/Tecticornia arbuscular,2016,33.60036111,137.9297222,0,0.1,1.196840946,0.131214405,NA,0.811312217,GPS was taken from the centre core of each transect
Asanopoulos_et_al_2021,https://doi.org/10.1071/SR20040,Site 9_Port Augusta,PAGT25003,"Transect 1, Position 3",Tidal marsh,Sarcocornia quinqueflora/Tecticornia arbuscular,2016,33.60036111,137.9297222,0,0.1,0.627809906,0.080574525,NA,1.106027383,GPS was taken from the centre core of each transect
Asanopoulos_et_al_2021,https://doi.org/10.1071/SR20040,Site 9_Port Augusta,PAGT25004,"Transect 1, Position 4",Tidal marsh,Sarcocornia quinqueflora/Tecticornia arbuscular,2016,33.60036111,137.9297222,0,0.1,0.452,0.067512567,NA,1.059315407,GPS was taken from the centre core of each transect
Asanopoulos_et_al_2021,https://doi.org/10.1071/SR20040,Site 9_Port Augusta,PAGT25005,"Transect 1, Position 5",Mangrove,A marina,2016,33.60036111,137.9297222,0,0.1,0.958251147,0.114691912,NA,0.959505363,GPS was taken from the centre core of each transect
Asanopoulos_et_al_2021,https://doi.org/10.1071/SR20040,Site 9_Port Augusta,PAGT25006,"Transect 1, Position 6",Mangrove,A marina,2016,33.60036111,137.9297222,0,0.1,2.376456304,0.264457962,NA,0.65810569,GPS was taken from the centre core of each transect
Asanopoulos_et_al_2021,https://doi.org/10.1071/SR20040,Site 9_Port Augusta,PAGT25007,"Transect 1, Position 7",Mangrove,A marina,2016,33.60036111,137.9297222,0,0.1,1.762699271,0.206758809,NA,0.630014842,GPS was taken from the centre core of each transect
Asanopoulos_et_al_2021,https://doi.org/10.1071/SR20040,Site 9_Port Augusta,PAGT25008,"Transect 1, Position 8",Mangrove,A marina,2016,33.60036111,137.9297222,0,0.1,1.731545794,0.171472382,NA,0.63355604,GPS was taken from the centre core of each transect
Asanopoulos_et_al_2021,https://doi.org/10.1071/SR20040,Site 9_Port Augusta,PAGT26001,"Transect 2, Position 1",Tidal marsh,Sarcocornia quinqueflora/Tecticornia arbuscular,2016,32.49080556,137.7543056,0,0.1,0.619533961,0.067093195,NA,1.254538839,GPS was taken from the centre core of each transect
Asanopoulos_et_al_2021,https://doi.org/10.1071/SR20040,Site 9_Port Augusta,PAGT26002,"Transect 2, Position 2",Tidal marsh,Sarcocornia quinqueflora/Tecticornia arbuscular,2016,32.49080556,137.7543056,0,0.1,0.182,0.016554371,NA,1.233868591,GPS was taken from the centre core of each transect
Asanopoulos_et_al_2021,https://doi.org/10.1071/SR20040,Site 9_Port Augusta,PAGT26003,"Transect 2, Position 3",Tidal marsh,Sarcocornia quinqueflora/Tecticornia arbuscular,2016,32.49080556,137.7543056,0,0.1,0.459,0.048948715,NA,1.012245332,GPS was taken from the centre core of each transect
Asanopoulos_et_al_2021,https://doi.org/10.1071/SR20040,Site 9_Port Augusta,PAGT26004,"Transect 2, Position 4",Tidal marsh,Sarcocornia quinqueflora/Tecticornia arbuscular,2016,32.49080556,137.7543056,0,0.1,0.595427386,0.070052337,NA,0.998756951,GPS was taken from the centre core of each transect
Asanopoulos_et_al_2021,https://doi.org/10.1071/SR20040,Site 9_Port Augusta,PAGT26005,"Transect 2, Position 5",Mangrove,A marina,2016,32.49080556,137.7543056,0,0.1,0.797082173,0.093236271,NA,0.848594262,GPS was taken from the centre core of each transect
Asanopoulos_et_al_2021,https://doi.org/10.1071/SR20040,Site 9_Port Augusta,PAGT26006,"Transect 2, Position 6",Mangrove,A marina,2016,32.49080556,137.7543056,0,0.1,0.771283963,0.069290249,NA,0.810854646,GPS was taken from the centre core of each transect
Asanopoulos_et_al_2021,https://doi.org/10.1071/SR20040,Site 9_Port Augusta,PAGT26007,"Transect 2, Position 7",Mangrove,A marina,2016,32.49080556,137.7543056,0,0.1,1.572509206,0.177529083,NA,0.893217329,GPS was taken from the centre core of each transect
Asanopoulos_et_al_2021,https://doi.org/10.1071/SR20040,Site 9_Port Augusta,PAGT26008,"Transect 2, Position 8",Mangrove,A marina,2016,32.49080556,137.7543056,0,0.1,0.818317879,0.085345235,NA,1.08233319,GPS was taken from the centre core of each transect
Asanopoulos_et_al_2021,https://doi.org/10.1071/SR20040,Site 9_Port Augusta,PAGT27001,"Transect 3, Position 1",Tidal marsh,Sarcocornia quinqueflora/Tecticornia arbuscular,2016,32.49083333,137.75425,0,0.1,1.566763406,0.161673645,NA,0.841193557,GPS was taken from the centre core of each transect
Asanopoulos_et_al_2021,https://doi.org/10.1071/SR20040,Site 9_Port Augusta,PAGT27002,"Transect 3, Position 2",Tidal marsh,Sarcocornia quinqueflora/Tecticornia arbuscular,2016,32.49083333,137.75425,0,0.1,1.593471346,0.172188544,NA,0.90579057,GPS was taken from the centre core of each transect
Asanopoulos_et_al_2021,https://doi.org/10.1071/SR20040,Site 9_Port Augusta,PAGT27003,"Transect 3, Position 3",Tidal marsh,Sarcocornia quinqueflora/Tecticornia arbuscular,2016,32.49083333,137.75425,0,0.1,1.768264596,0.212755772,NA,0.705076292,GPS was taken from the centre core of each transect
Asanopoulos_et_al_2021,https://doi.org/10.1071/SR20040,Site 9_Port Augusta,PAGT27004,"Transect 3, Position 4",Tidal marsh,Sarcocornia quinqueflora/Tecticornia arbuscular,2016,32.49083333,137.75425,0,0.1,0.50193977,0.04786715,NA,1.347445537,GPS was taken from the centre core of each transect
Asanopoulos_et_al_2021,https://doi.org/10.1071/SR20040,Site 9_Port Augusta,PAGT27005,"Transect 3, Position 5",Mangrove,A marina,2016,32.49083333,137.75425,0,0.1,0.884629639,0.060356764,NA,1.230844647,GPS was taken from the centre core of each transect
Asanopoulos_et_al_2021,https://doi.org/10.1071/SR20040,Site 9_Port Augusta,PAGT27006,"Transect 3, Position 6",Mangrove,A marina,2016,32.49083333,137.75425,0,0.1,1.02292195,0.082282193,NA,0.912057296,GPS was taken from the centre core of each transect
Asanopoulos_et_al_2021,https://doi.org/10.1071/SR20040,Site 9_Port Augusta,PAGT27007,"Transect 3, Position 7",Mangrove,A marina,2016,32.49083333,137.75425,0,0.1,1.512682316,0.079397277,NA,1.027882306,GPS was taken from the centre core of each transect
Asanopoulos_et_al_2021,https://doi.org/10.1071/SR20040,Site 9_Port Augusta,PAGT27008,"Transect 3, Position 8",Mangrove,A marina,2016,32.49083333,137.75425,0,0.1,0.867853493,0.054414605,NA,1.165949219,GPS was taken from the centre core of each transect